584,Julián,SPERONI,584.jpg
1353,Juan Carlos,RAPONI,
2324,Lucas,RIMOLDI,2324.jpg
2327,Diego,MILITO,2327.jpg
2337,Wálter,SAMUEL,2337.jpg
2341,Nicolás,BURDISSO,2341.jpg
2352,Esteban,CAMBIASSO,2352.jpg
2394,Matías,LEQUI,2394.jpg
2395,Leonardo,TALAMONTI,2395.jpg
2510,Mariano,GONZÁLEZ,2510.jpg
2514,Mario,SANTANA,2514.jpg
2626,Roberto,NANNI,2626.jpg
2638,Carlos,MARINELLI,2638_1226497349.jpg
2731,Leo,FRANCO,2731.jpg
2739,Maxi,RODRÍGUEZ,2739.jpg
2744,Ariel,IBAGAZA,2744.jpg
2772,Lionel,MESSI,2772.jpg
2777,Javier,SAVIOLA,2777.jpg
2780,Maxi,LÓPEZ,2780.jpg
2806,Fabricio,COLOCCINI,2806.jpg
2836,Pablo,ZABALETA,2836.jpg
2991,Pablo,AIMAR,2991.jpg
3003,Mariano,BARBOSA,3003.jpg
3004,Gonzalo,RODRÍGUEZ,3004.jpg
3036,Leonardo,PONZIO,3036.jpg
3094,Mauro,ROSALES,3094.jpg
3192,Osmar,FERREYRA,3192.jpg
3314,Lucho,GONZÁLEZ,3314.jpg
3331,Lisandro,LÓPEZ,3331.jpg
3421,Clemente,RODRÍGUEZ,3421.jpg
3432,Fernando,CAVENAGHI,3432.jpg
3459,Pablo,JÉREZ,3459.jpg
3464,Neri,CARDOZO,3464.jpg
3465,Matías,SILVESTRE,3465.jpg
3466,Ezequiel,SCARIONE,3466.jpg
3467,Fernando,GAGO,3467.jpg
3470,Matías,DONNET,3470.jpg
3472,Rodrigo,PALACIO,3472.jpg
3476,Damián,ALBIL,3476.jpg
3480,Marcos,ANGELERI,3480.jpg
3483,Marcelo,CARRUSCA,3483.jpg
3484,Adrián,BASTÍA,3484.jpg
3486,José,SOSA,3486.jpg
3488,Mariano,PAVONE,3488.jpg
3489,Eloy,COLOMBANO,3489.jpg
3495,David,ABRAHAM,3495.jpg
3498,Carlos,MATHEU,3498.jpg
3503,Lucas,BIGLIA,3503.jpg
3506,Fernando,LOREFICE,3506.jpg
3508,Federico,INSÚA,3508.jpg
3511,Franco,CÁNGELE,3511.jpg
3513,Sergio,AGÜERO,3513.jpg
3515,Ezequiel,GARAY,3515.jpg
3516,Nicolás,SPOLLI,3516.jpg
3517,Germán,RÉ,3517.jpg
3518,Leandro,FERNÁNDEZ,3518.jpg
3520,Gastón,AGUIRRE,3520.jpg
3522,Luciano,VELLA,3522.jpg
3523,Fernando,BELLUSCHI,3523.jpg
3525,Damián,MANSO,3525.jpg
3527,Mauro,CEJAS,3527.jpg
3529,Gustavo,RODAS,3529.jpg
3531,Iván,BORGHELLO,3531.jpg
3532,Damián,STEINERT,3532.jpg
3534,Ignacio,SCOCCO,3534.jpg
3538,Gustavo,CABRAL,3538.jpg
3542,Osvaldo,BARSOTTINI,3542_1348582154.jpg
3543,Martín,VITALI,3543_1224594940.jpg
3544,Diego,BARRADO,3544.jpg
3548,Chaco,TORRES,3548.jpg
3551,Cristian,LEDESMA,3551.jpg
3552,Sebastián,ROMERO,3552.jpg
3553,Sebastián,PENCO,3553.jpg
3556,Franco,COSTANZO,3556.jpg
3557,Germán,LUX,3557.jpg
3559,Lucas,MAREQUE,3559.jpg
3563,Danilo,GERLO,3563.jpg
3565,Javier,GANDOLFI,3565.jpg
3569,Óscar,AHUMADA,3569.jpg
3572,Víctor,ZAPATA,3572.jpg
3573,Daniel,MONTENEGRO,3573.jpg
3575,Rubens,SAMBUEZA,3575.jpg
3576,Ernesto,FARÍAS,3576.jpg
3578,Luciano,LEGUIZAMÓN,3578.jpg
3579,Gastón,FERNÁNDEZ,3579.jpg
3584,Jonathan,BOTTINELLI,3584.jpg
3585,Hernán,MATTIUZZO,3585.jpg
3593,Leonardo,DI LORENZO,3593_1344844817.jpg
3594,Jorge,ORTÍZ,3594.jpg
3596,Wálter,MONTILLO,3596.jpg
3598,Ezequiel,LAVEZZI,3598.jpg
3600,Germán,HERRERA,3600.jpg
3602,Damián,LUNA,3602.jpg
3603,Hernán,PEIRONE,3603_1212600892.jpg
3605,Gastón,SESSA,3605.jpg
3606,Hernán,PELLERANO,3606.jpg
3607,Fabián,CUBERO,3607.jpg
3608,Mariano,UGLESSICH,3608.jpg
3611,Santiago,LADINO,3611.jpg
3613,Wálter,ALCARAZ,3613.jpg
3615,Maximiliano,BUSTOS,3615_1253213321.jpg
3616,Sergio,SENA,3616.jpg
3618,Jonás,GUTIÉRREZ,3618.jpg
3619,Leandro,GRACIÁN,3619.jpg
3620,Leandro,SOMOZA,3620.jpg
3625,Ismael,SOSA,3625.jpg
3626,Juan Manuel,MARTÍNEZ,3626.jpg
3627,Emanuel,CENTURIÓN,3627_1287623860.jpg
3639,Livio,PRIETO,3639.jpg
3671,Sebastián,DOMÍNGUEZ,3671.jpg
3679,Javier,MASCHERANO,3679.jpg
3684,Carlos,TÉVEZ,3684.jpg
3820,Juan Pablo,FRANCIA,3820_1342684832.jpg
3915,Hilario,NAVARRO,3915.jpg
3980,Mauro,CETTO,3980.jpg
4463,Matías,DELGADO,4463.jpg
4468,César,CARIGNANO,4468.jpg
4494,Javier,PÍNOLA,4494.jpg
4553,Martin,DEMICHELIS,4553.jpg
4827,Juan Carlos,MENSEGUÉZ,4827.jpg
4831,Andrès,D'ALESSANDRO,4831.jpg
5317,Juan,LUCERO,5317_1256589702.jpg
5325,Darío,CONCA,5325.jpg
5337,Julio,MOREYRA,5337.jpg
5356,Hernán,LOSADA,5356.jpg
6395,Pablo,RUSSO,6395.jpg
6725,Alejandro,DOMÍNGUEZ,6725.jpg
6883,Leonardo,CORTI,6883_1349267167.jpg
6891,Joel,BARBOSA,6891.jpg
6895,Omar,GALLARDO,6895.jpg
6896,Cristián,RIOS,
6898,Fernando,CRAVERO,6898_1352118709.jpg
6903,Juan,CARRERA,
6905,Nicolás,PAREJA,6905.jpg
6906,Leandro,FLEITAS,6906.jpg
6910,Pablo,DE MUNER,6910_1343536532.jpg
6911,Ariel,SELTZER,6911.jpg
6912,Gastón,MACHÍN,6912_1223037692.jpg
6914,Matías,CÓRDOBA,6914.jpg
6915,Sebastián,SETTI,6915.jpg
6918,Nicolás,GIANNI,6918.jpg
6919,Leonel,NUÑEZ,6919.jpg
6922,Leonardo,PISCULICHI,6922.jpg
6923,Darío,GANDÍN,6923.jpg
6925,Mariano,BRAU,6925_1350807972.jpg
6926,Javier,YACUZZI,6926.jpg
6927,Carlos,CASTEGLIONE,6927.jpg
6929,Víctor,LÓPEZ,6929.jpg
6934,Mauricio,ALMADA,6934.jpg
6935,Santiago,RAYMONDA,6935.jpg
6936,Román,MARTÍNEZ,6936.jpg
6937,Juan,CAFFA,6937.jpg
6938,Leonel,RÍOS,6938.jpg
6941,Javier,MORALES,6941.jpg
6943,Cristian,LLAMA,6943.jpg
6944,Leandro,CARUSO,6944.jpg
6945,Silvio,GONZÁLEZ,6945.jpg
6947,José,TABRES,
6949,Cristian,LUCCHETTI,6949.jpg
6950,Pablo,SANTILLO,6950.jpg
6951,Fabián,SANTANA,6951.jpg
6954,Renato,CIVELLI,6954.jpg
6957,Sebastián,ROMERO,6957_1218456640.jpg
6993,Julio,BARRAZA,6993.jpg
6995,Marcos,GALARZA,6995.jpg
6996,Federico,BARRIONUEVO,
6997,Damián,TOLEDO,6997.jpg
6998,Darío,CVITANICH,6998.jpg
7000,Jesús,DÁTOLO,7000.jpg
7005,Franco,MENDOZA,7005_1322619094.jpg
7008,José,SAND,7008.jpg
7009,Ezequiel,MEDRÁN,7009_1262715031.jpg
7012,Julio,BARROSO,7012.jpg
7015,Cata,DÍAZ,7015.jpg
7065,Laureano,TOMBOLINI,7065_1354477898.jpg
7066,Jorge,DE OLIVERA,7066_1362674433.jpg
7070,Pablo,JEREZ,
7075,Cristian,ZURITA,7075.jpg
7080,Fernando,MERLO,7080_1236672297.jpg
7081,Claudio,BIELER,7081.jpg
7082,Rubén,RAMÍREZ,7082.jpg
7085,Germán,DENIS,7085.jpg
7086,José,BASANTA,7086.jpg
7088,Carlos,ARANO,7088_1287985544.jpg
7089,Carlos,ARAUJO,7089.jpg
7091,Horacio,CARDOZO,7091.jpg
7092,Marcos,GELABERT,7092.jpg
7094,Rodrigo,BRAÑA,7094_1340236509.jpg
7095,Luciano,PALOS,7095.jpg
7099,Franco,SOSA,7099_1353160402.jpg
7104,Matías,OYOLA,7104.jpg
7108,Cristian,DEVALLIS,7108_1350057737.jpg
7113,Israel,DAMONTE,7113.jpg
7147,Diego,GÓMEZ,7147.jpg
7232,Óscar,USTARI,7232.jpg
7237,Martín,FABRO,7237_1234311041.jpg
7358,Hugo,CAMPAGNARO,7358.jpg
7379,Franco,DA DALT,7379_1340754394.jpg
7386,Jorge,CARRANZA,7386.jpg
7394,Walter,ZUNINO,7394.jpg
7399,Pablo,BRANDÁN,7399.jpg
7401,Juan,RAPONI,7401.jpg
7403,Gonzalo,BERGESSIO,7403.jpg
7404,Sebastián,ARRIETA,7404_1210095447.jpg
7407,Nicolás,RAMÍREZ,7407_1345303229.jpg
7409,Leandro,GIODA,7409.jpg
7411,Mauricio,ROMERO,7411.jpg
7412,Santiago,HOYOS,7412_1280966850.jpg
7413,Nélson,BENÍTEZ,7413.jpg
7414,Maximiliano,VELÁZQUEZ,7414.jpg
7415,Matías,FRITZLER,7415.jpg
7416,Rodrigo,ARCHUBI,7416_1228996092.jpg
7417,Agustín,PELLETIERI,7417.jpg
7418,Sebastián,LETO,7418.jpg
7420,Nahuel,FIORETTO,7420_1245602679.jpg
7423,Diego,VÁLERI,7423.jpg
7424,Marcos,AGUIRRE,7424.jpg
7426,Ariel,CARREÑO,7426.jpg
7427,Diego,CEBALLOS,7427.jpg
7428,Cristian,FABBIANI,7428.jpg
7429,Sebastián,CORIA,7429.jpg
7430,Diego,MANICERO,7430.jpg
7432,Lautaro,FORMICA,7432_1350479682.jpg
7433,Damián,GIMENEZ,7433.jpg
7434,Adrián,LUCERO,7434_1265357059.jpg
7442,Facundo,ERPEN,7442.jpg
7680,Javier,PÁEZ,7680_1224670909.jpg
7684,Matías,VILLAVICENCIO,7684.jpg
7686,David,RAMÍREZ,7686_1313589587.jpg
7689,Leandro,BENÍTEZ,7689.jpg
7694,Ezequiel,MAGGIOLO,7694.jpg
7695,Ismael,BLANCO,7695.jpg
7700,Pablo,BARZOLA,7700.jpg
7706,Leandro,DESÁBATO,7706.jpg
7707,Miguel,CANEO,7707.jpg
7708,Gabriel,PEÑALBA,7708.jpg
7713,Patricio,TORANZO,7713.jpg
7714,Jorge,MEDINA,
7715,Diego,TORRES,7715_1212945230.jpg
7718,Santiago,BIANCHI,7718.jpg
7719,Christian,GÓMEZ,7719.jpg
7892,Claudio,FILEPPI,7892.jpg
7893,Maxi,MORALEZ,7893.jpg
7896,Fernando,TISSONE,7896.jpg
7993,Juan,OJEDA,7993_1223894467.jpg
7996,Ricardo,MOREIRA,7996_1224085384.jpg
7997,Paulo,FERRARI,7997.jpg
8000,Ramiro,FASSI,8000.jpg
8001,Germán,LEONFORTE,
8002,Andrés,DIAZ,8002_1217424033.jpg
8003,Hernán,ENCINA,8003.jpg
8004,Leonardo,BORZANI,8004_1258724145.jpg
8006,Diego,CÁLGARO,8006.jpg
8007,Emiliano,PAPA,8007.jpg
8008,Damián,LEDESMA,8008.jpg
8010,Nicolás,MEDINA,8010.jpg
8011,Gonzalo,DE PORRAS,8011_1345795210.jpg
8012,Pablo,VITTI,8012.jpg
8013,Emanuel,VILLAS,
8014,Marco,RUBÉN,8014.jpg
8015,Germán,ALEMANNO,8015.jpg
8017,Sebastián,SAJA,8017.jpg
8018,Agustín,ORIÓN,8018.jpg
8019,Pablo,ALVARADO,8019.jpg
8020,Walter,GARCÍA,8020_1226573791.jpg
8023,Pablo,BARRIENTOS,8023.jpg
8025,Diego,MATEO,8025.jpg
8350,Albano,BIZZARRI,8350.jpg
8449,Pablo,CALANDRIA,8449.jpg
8574,Sebastián,CARRERA,8574.jpg
8761,Wálter,ERVITI,8761.jpg
8796,César,DELGADO,8796.jpg
8814,Rodrigo,DÍAZ,8814_1343315036.jpg
8878,Andrés,MADRID,8878.jpg
8919,Matías,MIRAMONTES,8919_1322527681.jpg
9022,Pablo,BATALLA,9022.jpg
9046,Diego,COLOTTO,9046.jpg
9056,Daniel,LUDUEÑA,9056.jpg
9065,Maxi,ESTÉVEZ,9065_1228744331.jpg
9123,Damián,MANSO,
9169,Federico,VILAR,9169.jpg
9174,Javier,MUÑOZ MUSTAFÁ,9174.jpg
9183,Juan,FALCÓN,9183_1253555247.jpg
9211,Adrián,PERALTA,9211.jpg
9874,Emanuel,PERRONE,9874.jpg
9947,Darío,FERNANDEZ,9947.jpg
9993,Emanuel,VILLA,9993_1355895479.jpg
10092,Cristian,NASUTI,10092.jpg
10130,Mauricio,CARANTA,10130.jpg
10276,Leandro,ROMAGNOLI,10276.jpg
10302,Esteban,HERRERA,10302_1350057772.jpg
10504,Javier,CÁMPORA,10504.jpg
10517,Federico,TURIENZO,10517_1222176820.jpg
10544,Osvaldo,MIRANDA,10544.jpg
10640,Augusto,FERNÁNDEZ,10640.jpg
10650,Mariano,ANDÚJAR,10650.jpg
11088,Juan,GARAT,11088.jpg
11458,Sergio,TORRES,11458.jpg
11583,Pablo,LEDESMA,11583.jpg
12025,Lucas,DE FRANCESCO,12025.jpg
12029,Gustavo,OBERMAN,12029.jpg
12030,Ariel,BROGGI,12030_1224844498.jpg
12032,Emiliano,ARMENTEROS,12032.jpg
12081,Raúl,ESTÉVEZ,12081_1295865873.jpg
12082,Nereo,FERNÁNDEZ,12082.jpg
12084,Matías,ESCOBAR,12084_1337896050.jpg
12087,Reinaldo,ALDERETE,12087.jpg
12088,Santiago,GENTILETTI,12088.jpg
12089,Diego,HERNER,12089.jpg
12090,Lucas,LICHT,12090.jpg
12094,Nicolás,CABRERA,12094.jpg
12098,Sergio,VALENTI,12098.jpg
12099,Juan Carlos,FERREYRA,12099.jpg
12101,Elvio,FREDRICH,12101.jpg
12486,Emanuel,RIVAS,12486.jpg
13188,Nicolás,HERNÁNDEZ,13188_1209755861.jpg
13202,Alfredo,MORENO,13202.jpg
13651,Gonzalo,HIGUAÍN,13651.jpg
13690,Matías,MANRIQUE,13690_1224670939.jpg
13741,Pablo,GUIÑAZÚ,13741.jpg
13858,Mauro,CANTORO,13858_1210237101.jpg
13867,Sebastián,EREROS,13867.jpg
14373,Franco,MIRANDA,14373.jpg
15202,Franco,DOLCI,15202.jpg
15264,Jeremías,CAGGIANO,15264.jpg
15768,Federico,NIETO,15768.jpg
16085,Gustavo,COLMAN,16085.jpg
16086,Victor,FIGUEROA,16086.jpg
16476,José Luis,MAMONE,
16528,Adrián,FERNÁNDEZ,16528_1358426468.jpg
17032,Willy,CABALLERO,17032.jpg
17095,Mauro,ZÁRATE,17095.jpg
17333,Luis,ALFAGEME,17333.jpg
17342,Lucas,SIMÓN,17342.jpg
17438,Horacio,ERPEN,17438.jpg
17468,Mariano,IZCO,17468.jpg
17511,Lucas,CANTORO,17511.jpg
17560,Juan,AROSTEGUI,17560.jpg
17635,Cristian,ORTIZ,17635.jpg
17654,Javier,PEREYRA,
17696,Fernando,MARTINUZZI,17696_1321484196.jpg
17818,Federico,MARTORELL,17818.jpg
17826,Lucio,CERESETTO,17826.jpg
18041,Lucas,FAVALLI,18041_1350202989.jpg
18226,Emiliano,DUDAR,18226.jpg
18291,Alejandro,VERÓN,18291.jpg
18292,Javier,ROBLES,18292_1296416994.jpg
18295,Emanuel,FRANCOU,18295_1359839779.jpg
18296,Damián,ESCUDERO,18296.jpg
18297,Alejandro,GÓMEZ,18297.jpg
18298,Mauro,ÓBOLO,18298.jpg
18299,Pablo,GARNIER,18299_1349267667.jpg
18300,Franco,CARACCIO,18300_1277769371.jpg
18301,Jesús,MÉNDEZ,18301.jpg
18302,Gonzalo,LUDUEÑA,18302_1210932265.jpg
18303,René,LIMA,18303_1349275360.jpg
18304,Juan Pablo,CARRIZO,18304.jpg
18305,Nicolás,DOMINGO,18305.jpg
18306,Gonzalo,SAUCEDO,18306.jpg
18307,Pablo,LUGÜERCIO,18307.jpg
18308,Juan Augusto,HUERTA,18308.jpg
18310,Diego,GALVÁN,18310_1229340090.jpg
18311,Diego,CABALLERO,18311.jpg
18312,Pablo,ÁLVAREZ,18312.jpg
18313,Ezequiel,BRITEZ,18313_1347264028.jpg
18314,Jonathan,MAIDANA,18314.jpg
18315,Pablo,MIGLIORE,18315.jpg
18316,Andrés,FRANZOIA,18316.jpg
18317,Nicolás,BERTOLO,18317.jpg
18318,Mauro,BOSELLI,18318.jpg
18343,Enzo,BRUNO,18343_1224670987.jpg
18345,Hernán,FREDES,18345.jpg
18346,Lucas,OJEDA,18346_1345708807.jpg
18347,David,SOLARI,18347.jpg
18348,Wálter,ACEVEDO,18348.jpg
18350,Claudio,ACOSTA,18350_1210792857.jpg
18403,Ruben,GRIGHINI,
18408,Nicolás,BIANCHI ARCE,18408.jpg
18409,Darío,BOTTINELLI,18409.jpg
18410,Leonardo,ULLOA,18410.jpg
18411,Germán,VOBORIL,18411.jpg
18414,Fernando,DE LA FUENTE,18414.jpg
18416,Leandro,GRIMI,18416.jpg
18417,Ezequiel,MIRALLES,18417.jpg
18418,Matías,SÁNCHEZ,18418.jpg
18421,Tomás,COSTA,18421.jpg
18422,Ángel,DI MARÍA,18422.jpg
18423,Claudio,VELÁZQUEZ,18423.jpg
18424,Cristian,VILLAGRA,18424.jpg
18425,Cristian,ÁLVAREZ,18425.jpg
18426,Lautaro,ACOSTA,18426.jpg
18428,Carlos,ARCE,18428_1251971797.jpg
18429,Santiago,BIGLIERI,18429.jpg
18430,Sebastián,BLANCO,18430.jpg
18431,Roberto,DOVETTA,18431_1220351955.jpg
18432,Diego,LAGOS,18432.jpg
18433,Néstor,MOIRAGHI,18433.jpg
18437,Ezequiel,ARRIOLA,18437.jpg
18438,Mario,BOLATTI,18438.jpg
18440,Mariano,CAMPODÓNICO,18440.jpg
18441,Paolo,FRANGIPANE,18441_1274277220.jpg
18446,Germán,MONTOYA,18446.jpg
18447,Franco,PEPPINO,18447.jpg
18448,Andrés,SORIANO,18448.jpg
18449,Gastón,TURUS,18449.jpg
18452,Matías,CARUZZO,18452.jpg
18453,Lionel,COUDANNES,18453.jpg
18454,Darío,GONZÁLEZ,18454_1231413868.jpg
18455,Gabriel,HAUCHE,18455.jpg
18456,Franco,NIELL,18456.jpg
18458,Gonzalo,PRÓSPERI,18458.jpg
18459,Facundo,QUIROGA,
18460,Carlos,SANTIBANEZ,
18483,Jerónimo,BARRALES,18483.jpg
18484,Luciano,CIVELLI,18484.jpg
18485,Guillermo,ESTEBAN,18485.jpg
18486,Cristian,GALEAZZI,
18489,Cristián,MAIDANA,18489.jpg
18491,Federico,SARDELLA,18491.jpg
18493,Wálter,BUSSE,18493.jpg
18494,Ariel,CÓLZERA,18494_1351887811.jpg
18495,Pablo,FRONTINI,18495.jpg
18496,Ricardo,GÓMEZ,18496.jpg
18497,Silvio,IUVALÉ,18497.jpg
18499,Juan,SABIA,18499.jpg
18503,Roberto,CORNEJO,18503.jpg
18504,Juan,CUEVAS,18504.jpg
18505,Alejandro,DOMENEZ,18505.jpg
18506,Sebastián,DUBARBIER,18506.jpg
18507,Carlos,KLETNICKI,18507.jpg
18508,Lucas,LANDA,18508.jpg
18509,Juan Carlos,OLAVE,18509.jpg
18510,Héctor,ROMERO,
18511,Gustavo,SEMINO,
18512,Pablo,VERÓN,18512.jpg
18514,Mauricio,YEDRO,18514_1348427637.jpg
18515,Cristian,ANSALDI,18515.jpg
18516,Hernán,BERNARDELLO,18516.jpg
18517,Hugo,COLACE,18517_1242520843.jpg
18518,Marcos,FLORES,18518.jpg
18519,Nahuel,GUZMÁN,18519.jpg
18520,Germán,RIVERA,
18522,Mario,SOSA,18522.jpg
18523,Miguel,TORRÉN,18523.jpg
18524,Leonel,VANGIONI,18524.jpg
18525,Marcos,BARRERA,18525.jpg
18529,David,FERNÁNDEZ,
18530,Nelson,IBAÑEZ,18530.jpg
18531,Nicolás,OLMEDO,18531.jpg
18533,Mauro,POY,18533.jpg
18534,Enzo,PÉREZ,18534.jpg
18535,Cristian,RUIZ,18535.jpg
18536,Darío,SALOMÓN,
18537,Mariano,TORRESI,18537.jpg
18538,Sebastián,TORRICO,18538.jpg
18539,Gabriel,VALLÉS,18539.jpg
18540,Diego,VILLAR,18540.jpg
18541,Lucas,ACOSTA,18541.jpg
18542,Fernando,ALLOCO,18542.jpg
18543,Martín,BRAVO,18543.jpg
18545,Hugo,IRIARTE,18545.jpg
18546,Sebastián,MALANDRA,18546.jpg
18547,Diego,REYNOSO,18547.jpg
18548,Luis,SOLIS,18548.jpg
18550,César,CARRANZA,18550_1345795212.jpg
18551,Mariano,DONDA,18551.jpg
18554,Juan,FISCHER,18554_1351459793.jpg
18555,Agustín,GÓMEZ,18555.jpg
18557,Federico,HIGUAÍN,18557.jpg
18559,Cristian,PELLERANO,18559.jpg
18560,Leonardo,SIGALI,18560.jpg
18563,Carlos,SOTO,18563.jpg
18564,Nicolás,SÁNCHEZ,18564.jpg
18565,Cristian,TROMBETTA,18565.jpg
18566,Daniel,VEGA,18566.jpg
18567,Sergio,VITURRO,18567.jpg
18568,Cristian,WERNLY,
18570,Pedro,CARDONA,18570.jpg
18573,Esteban,GARCÍA,
18574,Alfredo,GONZÁLEZ BORDÓN,18574.jpg
18575,Gustavo,IBAÑEZ,18575.jpg
18576,Gonzalo,JUÁREZ,18576.jpg
18577,Carlos,LUNA,18577.jpg
18578,Sebastián,RUSCULLEDA,18578.jpg
18665,José,SHAFFER,18665.jpg
19402,Ignacio,PIATTI,19402.jpg
19708,Gustavo,LORENZETTI,19708.jpg
19714,Gonzalo,GARAVANO,19714_1264159018.jpg
19715,Daniel,FERREYRA,19715_1348124908.jpg
19739,Franco,DI SANTO,19739.jpg
19762,Matías,GARAVANO,19762.jpg
19855,Cristián,MUÑOZ,19855.jpg
19892,Luciano,POCRNJIC,19892_1349267204.jpg
19900,Gonzalo,KLUSENER,19900.jpg
20062,Matías,URBANO,20062_1358761767.jpg
20095,Pitu,GARCÍA,20095.jpg
20100,Germán,CAFFA,20100.jpg
20110,Diego,RUIZ,20110_1353864167.jpg
20149,Vicente,MONJE,20149.jpg
20242,Emiliano,INSÚA,20242.jpg
20551,Matías,CAHAIS,20551.jpg
20581,Gonzalo,ABÁN,20581.jpg
20592,Federico,FAZIO,20592.jpg
20652,Éver,BANEGA,20652.jpg
20654,Óscar,TREJO,20654.jpg
20885,Sergio,ESCUDERO,20885.jpg
20886,Hernán,HECHALAR,20886.jpg
20888,César,MANSANELLI,20888.jpg
20889,Damián,MUSTO,20889.jpg
20890,Andrés,MANZANARES,20890.jpg
20892,José,SAN ROMÁN,20892.jpg
20894,Marcos,MONDAINI,20894_1210628734.jpg
20896,Pablo,VRANJICÁN,20896_1343548808.jpg
20897,Leandro,TORRES,20897.jpg
20898,Pablo,PÉREZ,20898.jpg
20900,Eduardo,TALARICO,20900_1308824271.jpg
20901,Cristian,BUSTOS,20901.jpg
20902,Mauro,BOGADO,20902.jpg
20903,Diego,MENGHI,20903.jpg
20905,Pablo,PIATTI,20905.jpg
20906,Emiliano,VECCHIO,20906.jpg
20907,Andrés,IMPERIALE,20907.jpg
20908,Emiliano,CIUCCI,20908_1237196843.jpg
21268,Alejandro,DELORTE,21268.jpg
21788,Pablo,BASTIANINI,21788.jpg
22358,Ricardo,VILLAR,22358_1340505368.jpg
22658,Mariano,TRÍPODI,22658.jpg
23576,Carlos,FRONTINI,23576.jpg
23701,Fabián,CABALLERO,
23906,Néstor,VILLALVA,23906_1212740703.jpg
23941,Alan,SÁNCHEZ,
23944,Catriel,ORCELLET,23944.jpg
23947,Pablo,MOUCHE,23947.jpg
23949,Nicolás,NAVARRO,23949_1348646410.jpg
23950,Sebastián,SCIORILLI,23950.jpg
23951,Andrés,RIOS,23951.jpg
23952,Matías,ABELAIRAS,23952.jpg
23953,Santiago,VILLAFAÑE,23953.jpg
23954,Maximiliano,CIPOLLONE,23954_1212705337.jpg
24042,Marcelo,TORRES,
24109,Nicolás,AYR,24109.jpg
24110,Marco,TORSIGLIERI,24110.jpg
24111,Franco,RAZZOTTI,24111.jpg
24112,Jonathan,CRISTALDO,24112.jpg
24113,Leandro,CORONEL,24113_1226574412.jpg
24114,Facundo,CORIA,24114.jpg
24115,Ariel,CABRAL,24115.jpg
24117,José Luis,VILLAGRA,
24119,Mauricio,SPERDUTTI,24119.jpg
24120,Martín,SERI,24120.jpg
24121,Augusto,MAINGUYAGUE,24121_1227016561.jpg
24122,Alexis,MACHUCA,24122.jpg
24123,Mauro,FÓRMICA,24123.jpg
24124,Héctor,GAITÁN,
24126,Rodrigo,SORIA,24126.jpg
24127,Enzo,KALINSKI,24127.jpg
24128,Pablo,AZCURRA,24128.jpg
24129,Facundo,TALIN,24129.jpg
24130,Ariel,NAHUELPÁN,24130.jpg
24131,Gastón,SCHMIDT,24131.jpg
24132,Gonzalo,ROBLEDO,
24135,Sebastián,BROWN,
24136,Enrique,BOLOGNA,24136.jpg
24137,Claudio,YACOB,24137.jpg
24138,Sergio,ROMERO,24138.jpg
24139,Gabriel,MERCADO,24139.jpg
24140,Santiago,MALANO,24140.jpg
24141,Gonzalo,GARCÍA,24141_1211915816.jpg
24142,Matías,SUÁREZ,24142.jpg
24143,Pablo,TARCHINI,
24144,Matías,PORCARI,24144_1318609740.jpg
24146,Diego,NOVARETTI,24146.jpg
24147,Miguel,MARTÍNEZ,24147.jpg
24148,Juan Carlos,MALDONADO,24148.jpg
24152,Federico,GONZÁLEZ,24152.jpg
24153,Adrián,CALELLO,24153_1337901353.jpg
24154,Milton,CARAGLIO,24154.jpg
24155,Damián,DIAZ,24155.jpg
24156,Abel,ESPINOZA,
24157,Gervasio,NUÑEZ,24157.jpg
24158,Mario,PAGLIALUNGA,24158_1350479635.jpg
24159,Maximiliano,RÉ,
24160,Emilio,ZELAYA,24160.jpg
24161,Cristian,BASUALDO,24161.jpg
24162,Fernando,SOLER,24162.jpg
24163,Fabián,ASSMANN,24163.jpg
24164,Diego,BRAGHIERI,24164.jpg
24232,Elías,BAZZI,24232_1347270499.jpg
24293,Martín,BONJOUR,24293.jpg
24429,Juan Manuel,PERILLO,24429_1273011945.jpg
24439,Pablo,GONZÁLEZ,24439.jpg
24459,Omar,PÉREZ,24459.jpg
24508,Lucas,NANÍA,24508.jpg
24516,Sebastian,GODOY,
24954,Matías,ARCE,
25075,Matías,FONDATO,
25080,Marcos,ARGÜELLO,25080.jpg
25136,Heber,ARRIOLA,25136_1348124940.jpg
25137,José,AMARILLA,
25152,Maxi,BIANCUCCHI,25152.jpg
25267,Mateo,MUSACCHIO,25267.jpg
25312,Rubén,GÓMEZ,25312.jpg
25639,Hugo,NOTARIO,25639_1248347510.jpg
26097,Hernán,BARCOS,26097.jpg
26107,Pedro,GALVÁN,26107.jpg
26110,Hernán,LAMBERTI,26110_1254218898.jpg
26133,Miguel,OLIVEIRA,26133.jpg
26172,Luis,ESCALADA,26172_1334496292.jpg
26177,José,VIZCARRA,26177.jpg
26183,Fabián,ESPÍNDOLA,26183.jpg
26214,Daniel,NÉCULMAN,26214_1345744111.jpg
26228,Maximiliano,ASÍS,26228_1321113650.jpg
26288,Marcelo,MOSSET,26288.jpg
26307,Lucas,VIATRI,26307.jpg
26612,Maximiliano,CEJAS,26612.jpg
26688,Cristian,TORRES,26688.jpg
27723,Cristián,CHÁVEZ,27723_1340028166.jpg
27724,Bruno,URRIBARRI,27724.jpg
27725,Maximiliano,BADELL,27725.jpg
27726,Marcelo,BURZAC,27726_1219916617.jpg
27727,Emmanuel,MARTINEZ,27727_1232655398.jpg
27728,Gustavo,TORANZO,27728_1239970346.jpg
27733,Martín,TRONCOSO,27733.jpg
27734,Santiago,KUHL,
27741,Ernesto,GARÍN,27741.jpg
27742,Diego,PEREYRA,27742.jpg
27743,Matiás,DI GREGORIO,27743_1223305396.jpg
27744,Jacobo,MANSILLA,27744.jpg
27745,Leandro,MUSSIN,27745.jpg
27747,Marcos,RAMIREZ,27747.jpg
27748,Juan,GRABOWSKI,27748_1343663110.jpg
27749,Emmanuel,CULIO,27749.jpg
27750,Lucas,SCAGLIA,27750.jpg
27752,Maximiliano,LASO,27752_1351880515.jpg
27753,Alejandro,SALINAS,
27754,Luciano,AUED,27754.jpg
27755,Abel,MASUERO,27755.jpg
27756,Antonio,PIERGÜIDI,27756.jpg
27768,Juan,OLIVARES,27768.jpg
27769,Diego,SEQUEIRA,27769.jpg
27852,Diego,SOSA,27852.jpg
27871,Juan,VINACCIA,27871.jpg
28114,Esteban,SOLARI,28114.jpg
28135,Enzo,GUTIÉRREZ,28135.jpg
28137,Nicolás,PISANO,28137.jpg
28206,Julio,LAFFATIGUE,28206.jpg
28213,Cristian,VERON,
28215,Patricio,PÉREZ,28215.jpg
28837,Joaquín,LARRIVEY,28837.jpg
28838,Lucas,WÍLCHEZ,28838.jpg
29186,Diego,PEROTTI,29186.jpg
29187,Lucas,TRECARICHI,29187_1338762536.jpg
29403,Jorge Alberto,DROVANDI,
29537,Jerónimo,MORALES NEUMANN,29537_1359048079.jpg
29594,Federico,AZCÁRATE,29594.jpg
29656,Facundo,PARRA,29656.jpg
29665,Javier,MALAGUEÑO,29665_1350057945.jpg
29749,Guillermo,ÁLVAREZ,29749.jpg
29756,Daniel,BLANCO,
29769,Juan Carlos,BLENGIO,29769_1348905604.jpg
29771,Santiago,MORERO,29771.jpg
29772,Norberto,PAPARATTO,29772.jpg
29773,Gastón,STANG,29773.jpg
29774,Diego,CASTAÑO,29774.jpg
29775,Martín,GALMARINI,29775.jpg
29776,Matías,GIMÉNEZ,29776.jpg
29777,Martín,MOREL,29777_1254743051.jpg
29780,Nicolás,TORRES,29780_1279754068.jpg
29782,Facundo,DIZ,29782.jpg
29785,Lucas,PRATTO,29785.jpg
29805,Gastón,SANGOY,29805.jpg
29874,Lucas,RODRÍGUEZ PAGANO,
29988,Fede,BESSONE,29988.jpg
30006,Juan Manuel,COBO,30006.jpg
30064,Diego,BUONANOTTE,30064_1356356619.jpg
30101,Leandro,DEPETRIS,30101.jpg
30181,Carlos,QUINTANA,30181.jpg
30190,Daniel,CARRARA,
30263,Emanuel,MORETE,
30267,Gerardo,MASINI,30267.jpg
30276,Lucas,CORREA,30276.jpg
30361,Emir,FACCIOLI,30361.jpg
30362,Diego,GONZÁLEZ,30362.jpg
30363,Guillermo,SUÁREZ,30363.jpg
30368,Diego,GALEANO,30368.jpg
30369,Roberto,BATTIÓN,30369.jpg
30370,Claudio,CABRERA,30370.jpg
30371,Juan,MERCIER,30371.jpg
30372,Roberto Nicolás,SAUCEDO,30372.jpg
30373,Matías,MARTÍNEZ,30373.jpg
30375,Mariano,HASSELL,30375.jpg
30376,Sebastián,BLÁZQUEZ,30376_1261656299.jpg
30378,Roberto,FLORIS,30378.jpg
30379,Gastón,MONTERO,30379.jpg
30380,Ariel,ROJAS,30380.jpg
30381,Pablo,AGUILAR,30381.jpg
30383,Emanuel,LAZZARINI,30383.jpg
30384,Marcos,PIRCHIO,30384_1345190418.jpg
30385,Héctor,DESVAUX,30385.jpg
30386,Ezequiel,GARRÉ,30386.jpg
30387,Gabriel,RUIZ,
30388,Eric,CHMIL,30388.jpg
30389,Emanuel,GIMÉNEZ,30389.jpg
30390,Juan,ARRAYA,30390.jpg
30392,Marcelo,BAROVERO,30392.jpg
30394,Cristian,CELLAY,30394.jpg
30395,Paolo,GOLTZ,30395.jpg
30397,Ángel,PUERTAS,30397_1223894653.jpg
30398,Nicolás,CASTRO,30398_1282117495.jpg
30399,Federico,POGGI,30399.jpg
30400,Cristian,SÁNCHEZ PRETTE,30400.jpg
30401,Claudio,GUERRA,30401_1343721700.jpg
30404,César,MONASTERIO,30404.jpg
30405,Ariel,AGÜERO,30405.jpg
30409,Martín,ORTÍZ,30409.jpg
30410,Mario,PACHECO,30410.jpg
30413,Félix,DÉCIMA,
30414,Daniel,DÍAZ,
30415,Matías,GARCÍA,30415.jpg
30416,Nicolás,HERRERA,30416.jpg
30419,Cristian,PIARROU,30419.jpg
30420,Marcelo,CARDOZO,30420.jpg
30421,Juan,NEIRA,30421_1260784487.jpg
30424,Federíco,MANCINELLI,30424_1258390129.jpg
30425,Martín,WAGNER,30425_1349267681.jpg
30426,Mariano,MARTÍNEZ,30426.jpg
30427,Mauro,OLIVI,30427.jpg
30428,Martín,GARCÍA,30428.jpg
30430,Eduardo,FARIAS,30430.jpg
30431,Enrique,SECCAFIEN,30431.jpg
30489,Juan,QUIROGA,30489.jpg
30540,Juan Pablo,PEREYRA,30540_1232648784.jpg
30582,Daniel,GIMÉNEZ,
30584,Gastón,LOSA,30584.jpg
30587,Lucas,SUÁREZ,30587.jpg
30607,Pablo,BANGARDINO,30607_1336010258.jpg
30609,Gastón,OTRERAS,30609_1312127091.jpg
30612,Bruno,MARTELOTTO,30612_1356026473.jpg
30839,Daniel Marcelo,CALAMANTE,30839_1351260126.jpg
30841,Javier,GRBEC,30841_1344955753.jpg
30912,Pablo,FONTANELLO,30912.jpg
30990,Mauro,ALEGRE,
31019,Matías,NAVARRETE,31019.jpg
31148,Pablo,MONSALVO,31148.jpg
31243,Matías,MANTILLA,31243_1226574652.jpg
31332,Adrián,ARANDA,31332_1346059035.jpg
31343,Manuel,BAIGORRIA,
31355,Jerónimo,COSTA,
31362,Cristian,JARA LUNGHI,31362.jpg
31751,Gonzalo,ZÁRATE,31751.jpg
31830,Iván,MACALIK,31830_1280966842.jpg
32090,Mauro,MILANO,32090.jpg
32100,Lucas,TREJO,32100.jpg
32101,Matías,IGLESIAS,32101.jpg
32103,Julio,ALCORSE,
32191,Sebastian,MONESTEROLO,32191_1289150951.jpg
32323,Patricio,RODRÍGUEZ,32323.jpg
32348,Gastón,DÍAZ,32348.jpg
32349,Leonardo,MORALES,32349.jpg
32350,Maximiliano,HERRERA,32350.jpg
32351,Wálter,PAYER,32351_1247757884.jpg
32352,Juan,COBELLI,32352_1285178021.jpg
32353,Pablo,VÁZQUEZ,32353_1349267169.jpg
32354,Omar,MERLO,32354_1356257391.jpg
32355,Maxi,OLIVA,32355.jpg
32356,Sebastián,PREDIGER,32356.jpg
32357,Diego,CHURÍN,32357.jpg
32358,Jonathan,CHÁVES,32358.jpg
32359,Germán,CANO,32359.jpg
32360,Iván,NADAL,
32361,Matías,DEFEDERICO,32361_1320644151.jpg
32362,Leandro,DÍAZ,32362_1349267200.jpg
32363,Gabriel,MÉNDEZ,32363_1247126083.jpg
32364,Pablo,CABALLERO,32364.jpg
32365,Maximiliano,PÉREZ,32365.jpg
32366,Juan Carlos,CARRIZO,32366_1226574693.jpg
32367,Marcelo,PERUGINI,
32368,Leandro,GONZÁLEZ,32368.jpg
32369,Nereo,CHAMPAGNE,32369.jpg
32371,Jorge,LUNA,32371.jpg
32400,Santiago,FOSGT,32400.jpg
32464,Sebastián,MATOS,32464.jpg
32486,Bruno,BIANCHI,32486.jpg
32726,Germán,PIETROBON,32726_1334779283.jpg
32857,Martin,GIANFELICE,
32877,Matías,RODRÍGUEZ,32877.jpg
32878,Mariano,TORRES,32878.jpg
32911,Aldo,MORES,
32968,Fernando,TOBIO,32968.jpg
33037,Fabián,MONZÓN,33037.jpg
33186,Ignacio,FIDELEFF,33186.jpg
33271,Matías,ALUSTIZA,33271.jpg
33285,Juan,BOTTARO,33285.jpg
33293,Adrián,GABBARINI,33293.jpg
33294,Iván,PÉREZ,33294.jpg
33295,Juan,FORLÍN,33295.jpg
33296,Luis,IBAÑEZ,33296.jpg
33297,Facundo,RONCAGLIA,33297.jpg
33298,Alexander,CORRO,33298.jpg
33300,Damián,PÉREZ,33300.jpg
33320,Gastón,MONZÓN,33320_1230029880.jpg
33321,Damián,NIETO,33321_1343768632.jpg
33322,Germán,ZARZA,
33323,Lucas,MOYA,33323.jpg
33324,Juan José,MORALES,33324.jpg
33325,Gabriel,PÉREZ TARIFA,33325.jpg
33326,Damián,LEYES,33326.jpg
33327,Leonel,ALTOBELLI,33327.jpg
33353,Ricardo,NOIR,33353.jpg
33400,Lucas,BOVAGLIO,33400.jpg
33482,Mariano,CELASCO,
33484,Gastón,CELLERINO,33484.jpg
33611,Mauricio,CARRASCO,33611.jpg
33690,Matías,MARCHESINI,33690.jpg
33923,Gonzalo,PERALTA,33923.jpg
34005,Fernando,CAFASSO,34005_1334694710.jpg
34236,Sebastián,NAYAR,34236.jpg
34283,Maxi,BEVACQUA,34283.jpg
34414,Sergio,PONCE,34414.jpg
34582,Luciano,BECCHIO,34582.jpg
34610,Emmanuel,LEDESMA,34610.jpg
34821,Nicolás,GAITÁN,34821.jpg
34844,José Luis,GARCÍA,34844.jpg
34900,Iván,FURIOS,34900.jpg
34958,Gustavo,BOU,34958.jpg
35058,Roberto,ARMÚA,35058.jpg
35080,Cristian,CAMPESTRINI,35080.jpg
35158,Tino,COSTA,35158.jpg
35206,Franco,ZUCULINI,35206.jpg
35207,José Luis,MARTÍNEZ GULLOTTA,35207.jpg
35211,Julio César,SERRANO,35211.jpg
35246,Jorge,SOTOMAYOR,35246.jpg
35355,Federico,ALMERARES,35355_1358586004.jpg
35364,Jonathan,BLANCO,35364.jpg
35409,Lihué,PRICHODA,35409.jpg
35424,Jorge,SERRANO,35424_1349271454.jpg
35425,Daniel,VEGA,35425.jpg
35528,Fernando Luis,GIARRIZZO,
35607,Javier,GARCÍA,35607.jpg
35615,Emmanuel,PÍO,35615.jpg
35686,Alexis,DANELÓN,35686_1241779030.jpg
35704,Francisco,DUTARI,35704.jpg
35811,Diego,ROMANO,35811.jpg
35836,Néstor,MARTINENA,35836.jpg
35851,Eduardo,SALVIO,35851.jpg
35865,Juan,INSAURRALDE,35865.jpg
35876,Brian,SARMIENTO,35876.jpg
35878,Ezequiel,LUNA,35878.jpg
35965,Jorge,BROUN,35965.jpg
36012,Iván,BELLA,36012.jpg
36023,Juan,CARACOCHE,36023_1226574947.jpg
36030,Ezequiel,MUÑOZ,36030.jpg
36042,Jonathan,LÓPEZ,36042.jpg
36072,Jonatan,GÓMEZ,36072.jpg
36203,Javier,PASTORE,36203.jpg
36242,Adrián,TRINIDAD,36242_1344955672.jpg
36276,Daniel,BERTOYA,36276.jpg
36446,Héctor,CARBALLO,36446_1348818183.jpg
36520,Lucas,GODOY,36520.jpg
36557,Esteban,RIVAS,36557_1253825179.jpg
36561,Alfredo,CANO,36561.jpg
36571,Gustavo,RUIZ DÍAZ,36571.jpg
36572,Roberto,CARBONI,
36642,Fabián,RINAUDO,36642.jpg
37177,Diego,POZO,37177_1276810271.jpg
37261,Carlos,FONDACARO,37261_1231766917.jpg
37343,Leandro,ZARATE,37343_1252916700.jpg
37402,Cristian,CHÁVEZ,37402.jpg
37403,Luis,ARDENTE,37403_1349267237.jpg
37404,Lucas,OVIEDO,37404_1340754450.jpg
37405,Mauro,VILLEGAS,37405.jpg
37406,Hernán,GRANA,37406.jpg
37407,Iván,PILLUD,37407.jpg
37408,Sebastián,GRAZZINI,37408.jpg
37411,Franco,JARA,37411.jpg
37412,Matías,CARABAJAL,37412.jpg
37413,Mauro,MATÓS,37413.jpg
37414,Federico,FERNÁNDEZ,37414.jpg
37415,Raúl,IBERBIA,37415_1266370081.jpg
37416,Leandro,VELÁZQUEZ,37416.jpg
37417,Alfredo,RAMÍREZ,37417.jpg
37418,Ignacio,CANUTO,37418.jpg
37419,Rafael,VIOTTI,37419.jpg
37420,Andrés,ROMERO,37420.jpg
37421,Franco,QUIROGA,37421.jpg
37422,Hernán,SALAZAR,37422_1349267683.jpg
37425,Maximiliano,NÚÑEZ,37425.jpg
37430,Guillermo,FRANCO,37430_1312149264.jpg
37431,Emiliano,PAEZ,
37432,Jesús,VERA,37432.jpg
37433,Mauro,DOS SANTOS,37433.jpg
37435,Cristian,GARCÍA,37435_1347004808.jpg
37436,Pablo,VERGARA,37436_1268603304.jpg
37437,Gustavo,GOMEZ,
37438,Lucas,AVELDAÑO,37438.jpg
37439,José Luis,FERNÁNDEZ,37439.jpg
37440,Juan,SÁNCHEZ SOTELO,37440.jpg
37441,Waldo,BRANDÁN,
37442,Kevin,CURA,37442_1245687790.jpg
37444,Luciano,NIETO,37444_1262189923.jpg
37445,Sergio,VITTOR,37445.jpg
37448,Hernán,GALINDEZ,37448_1282672245.jpg
37449,Ignacio,BOGGINO,37449.jpg
37451,Mauro,DÍAZ,37451.jpg
37469,Ignacio,ANÍVOLE,37469.jpg
37521,Rubén,CECCO,
37553,Cristian,MILLA,37553.jpg
37570,Sebastián,TAGLIABUE,37570.jpg
37590,Ramón,FERNÁNDEZ,37590.jpg
37657,Lisandro,SACRIPANTI,37657_1349651255.jpg
37953,Daniel,VILLALVA,37953.jpg
37962,Iván,MARCONE,37962.jpg
37963,Ramón,LENTINI,37963.jpg
37964,Leandro,ARMANI,37964_1241506400.jpg
37985,Fabián,CASTILLO,37985_1256589711.jpg
37986,Federico,MANCUELLO,37986.jpg
38049,Diego,NADAYA,38049.jpg
38086,Nicolàs,GOROBSOV,38086.jpg
38341,Exequiel,BENAVIDEZ,38341_1345593113.jpg
38342,Cristian,MENÉNDEZ,38342.jpg
38343,Nicolás,OTAMENDI,38343.jpg
38344,Juan Carlos,OJEDA,38344.jpg
38702,Guillermo,BURDISSO,38702.jpg
38817,Mauricio,FERRARI,
39017,Pablo Cesar,DOFFO,
39085,Diego,NAVARRO,39085.jpg
39090,Federico,SCOPPA,39090.jpg
39180,Gonzalo,MARRONKLE,39180.jpg
39282,Julián,MAGALLANES,39282.jpg
39303,Alejandro,FREZZOTTI,39303.jpg
39308,Hugo,NERVO,39308.jpg
39314,Gastón,CAPRARI,39314_1343332007.jpg
39381,Juan,GÓMEZ,39381.jpg
39462,Lucas,LONGONI,39462.jpg
39475,Pablo,BUENO,39475_1273527810.jpg
39481,Facundo,ZAMPA,
39513,Juan,CAVALLO,39513.jpg
39519,Pablo,LANZ,39519.jpg
39523,Juan,MARAUDE,
39530,Horacio,RAMÍREZ,39530.jpg
39546,Alejandro,KRUCHOWSKI,39546.jpg
39558,Cristian,CAMPOZANO,39558.jpg
39565,César,TABORDA,39565.jpg
39589,Mateo,MARTINELLI,39589.jpg
39604,Juan Manuel,QUEVEDO,39604.jpg
39608,Pablo,GIMENEZ,
39610,Leonardo,ABALSAMO,
39668,Jorge,CÓRDOBA,39668.jpg
39683,Pablo Gabriel,TORRES,39683.jpg
39732,Nicolás,GUEVARA,39732_1271241193.jpg
39735,Agustín,MARCHESÍN,39735.jpg
39737,Ezequiel,FILIPPETTO,39737_1256310994.jpg
39744,Marcos,DÍAZ,39744.jpg
39745,Facundo,BERTOGLIO,39745.jpg
39746,Leandro,LEDESMA,39746.jpg
39747,Gustavo,FERNÁNDEZ,39747_1245485062.jpg
39748,Érik,LAMELA,39748.jpg
39749,Marcos,ROJO,39749.jpg
39750,Cristian,GAITÁN,39750.jpg
39751,Brian,LLUY,39751.jpg
39752,Gonzalo,PÉREZ,39752.jpg
39753,Facundo,FERREYRA,39753.jpg
39754,Nahuel,VALENTINI,39754.jpg
39755,Denis,STRACQUALURSI,39755.jpg
39756,Rubén,BOTTA,39756.jpg
39757,Nicolás,DEMALDÉ,39757.jpg
39758,Mariano,VIOLA,39758.jpg
39759,Marcos,GODOY,39759.jpg
39760,Nicolás,MAZZOLA,39760.jpg
39762,Josué,AYALA,39762.jpg
39763,Gastón,SAURO,39763.jpg
39764,Bruno,CENTENO,39764_1257875610.jpg
39765,Salvador,REYNOSO,39765.jpg
39766,Fabián,BORDAGARAY,39766.jpg
39770,Antonio Roberto,IBAÑEZ,39770.jpg
39771,Nicolás,AGUIRRE,39771.jpg
39772,Darío,BENEDETTO,39772.jpg
39773,Ciro,RIUS,39773.jpg
39830,Lucas,GÓMEZ,39830.jpg
39904,Marcos,TORRES,39904.jpg
39959,Franco,PARODI,
40129,Alejandro,FAURLIN,40129.jpg
40447,Claudio,VERINO,40447.jpg
40628,Mario,JARA,
40633,Osvaldo,CABRAL,40633.jpg
40643,Ariel,CORONEL,
40659,Cristian,BARINAGA,40659_1338422116.jpg
40664,Roberto,TUCKER,40664.jpg
40678,Rodolfo,ALBORNOZ,
40681,Juan,SOSA,40681.jpg
40718,Franco,BEJARANO,40718.jpg
40719,Matias,BENÍTEZ,40719.jpg
40738,Diego,IANERO,40738.jpg
40744,Walter,LINARES,
40745,Emmanuel,SERRA,
40749,Claudio,ROJAS,
40801,Fernando,BATTISTE,40801_1312034578.jpg
40821,Óscar,ALTAMIRANO,40821.jpg
40982,Matías,JARA,40982_1347218652.jpg
40985,Fernando,GODOY,40985.jpg
41110,Fernando,PEREZ,41110.jpg
41297,Leonel,GALEANO,41297.jpg
41300,Germán,PACHECO,41300.jpg
41378,Jonathan,GERMANO,41378.jpg
41594,Juan Manuel,VAREA,41594.jpg
42018,Carlos,LÓPEZ,
42147,Lucas,CASTRO,42147.jpg
42148,Maximiliano,CORONEL,42148.jpg
42150,Ismael,QUÍLEZ,42150.jpg
42164,David,DROCCO,42164.jpg
42181,Gonzalo,CASTILLEJOS,42181.jpg
42208,Leandro,GRECH,42208.jpg
42254,Sebastián,GONZÁLEZ,42254_1266350519.jpg
42260,Emanuel,BIANCUCCHI,42260.jpg
42440,Nahuel,ROSELLI,42440.jpg
42441,Gonzalo,BAZÁN,42441.jpg
42443,Luis,RODRÍGUEZ,42443.jpg
42444,Milton,CASCO,42444.jpg
42445,César,MONTIGLIO,42445.jpg
42464,Claudio,MOSCA,42464.jpg
42467,Diego,MORALES,42467.jpg
42479,Nicolás,TAUBER,42479.jpg
42868,Matías,DEGRA,42868.jpg
42903,Juan,MUNAFO,42903.jpg
42991,Luis,OJEDA,42991.jpg
43030,Juan,GILL,43030_1349508897.jpg
43046,Lucas,MALACARNE,43046.jpg
43048,Rafael,SOSA,43048_1297702634.jpg
43226,Víctor,ORMAZABAL,43226.jpg
43247,Valentin,BRASCA,43247.jpg
43250,Gonzalo,CASTELLANI,43250.jpg
43283,Rogelio,FUNES MORI,43283.jpg
43315,Jonatan,BAUMAN,43315_1288154011.jpg
43317,Fernando,MEZA,43317.jpg
43333,Claudio,CUFFA,43333.jpg
43347,Pablo,GONZÁLEZ,43347.jpg
43379,Jonathan,ALESSANDRO,43379.jpg
43458,Alejandro,MARTINUCCIO,43458.jpg
43554,Favio,SEGOVIA,43554.jpg
43555,Nahuel,YERI,43555.jpg
43556,Luis,SALMERÓN,43556.jpg
43557,Lucas,HOYOS,43557_1303236562.jpg
43558,Emanuel,DENING,43558.jpg
43559,Cristian,NÚÑEZ,43559_1271092868.jpg
43560,Pablo,DE MIRANDA,43560.jpg
43561,Maximiliano,CAIRE,43561.jpg
43562,Santiago,SOTO,
43563,Rodrigo,CANARIO,43563.jpg
43565,Martín,GÓMEZ,43565.jpg
43568,Matías,CONTI,43568.jpg
43569,Julián,FERNÁNDEZ,43569.jpg
43570,Germán,BASUALDO,43570.jpg
43571,Sebastián,LUNA,43571.jpg
43572,Áxel,JUÁREZ,43572_1267469741.jpg
43574,Michael,HOYOS,43574_1340236507.jpg
43575,Darío,STEFANATTO,43575_1290628697.jpg
43576,Matías,BIRGE,43576.jpg
43577,Rodrigo,ERRAMUSPE,43577_1288250567.jpg
43578,Leandro,DÍAZ,43578.jpg
43579,Diego,BIELKIEWICZ,43579_1267469756.jpg
43580,Eric,APARICIO,43580.jpg
43585,Matías,BALLINI,43585.jpg
43586,Milton,ZÁRATE,43586_1299440907.jpg
43587,Leandro,GURRIERI,
43588,Adrián,DE LEÓN,
43589,Cristian,ERBES,43589.jpg
43590,Matías,SIERRA,43590_1349271377.jpg
43591,Gonzalo,MENÉNDEZ,43591.jpg
43592,Lucas,ISCHUK,43592_1340797550.jpg
43593,Esteban,DEI ROSSI,43593.jpg
43594,Rodrigo,HERRERA,43594.jpg
43595,Martín,GRANERO,43595.jpg
43598,Cesar,MORE,43598.jpg
43599,Sebastián,LONGO,43599.jpg
43600,Emmanuel,GIGLIOTTI,43600.jpg
43601,José,SAAVEDRA,
43602,Lucas,ORBÁN,43602.jpg
43604,Roberto,PEREYRA,43604.jpg
43605,Mariano,ECHEVERRÍA,43605.jpg
43606,Franco,CORIA,43606.jpg
43607,Lisandro,LÓPEZ,43607.jpg
43608,Federico,VISMARA,43608.jpg
43609,Matías,PISANO,43609.jpg
43610,Nicolás,SAINZ,43610.jpg
43611,Marcos,BRITEZ OJEDA,43611_1284315886.jpg
43612,Luis,FARIÑA,43612.jpg
43613,Sergio,SÁNCHEZ,43613_1325782098.jpg
43614,Luis,LOBO,43614.jpg
43615,Leonardo,VILLAN,43615_1297775378.jpg
43616,Alejandro,QUINTANA,43616.jpg
43617,Franco,CHIVILO,43617_1337895875.jpg
43619,Leandro,BENEGAS,43619.jpg
43620,Federico,LAURITO,43620_1315298261.jpg
43621,Nicolás,TRECCO,43621_1348473610.jpg
43622,Gino,CLARA,43622_1283434590.jpg
43623,Lucas,CALVIÑO,43623_1345593105.jpg
43624,Claudio,PÉREZ,43624.jpg
43892,Hugo,BARGAS,43892.jpg
43904,Javier,ELIZONDO,43904_1345449618.jpg
44013,Matías,QUIROGA,44013_1345795213.jpg
44018,Maximiliano,SCAPPARONI,44018_1291625240.jpg
44020,Martín Miguel,CORTES,44020.jpg
44022,Gabriel,RODRÍGUEZ,44022_1285287281.jpg
44024,Javier,LEÓN,44024.jpg
44026,José,GALVAN,44026_1326618009.jpg
44050,David,DISTEFANO,44050.jpg
44055,Víctor,MEZA,44055.jpg
44061,Matías,QUIROGA,44061_1348581970.jpg
44071,Pablo,LÓPEZ,44071.jpg
44083,Bruno,ZUCULINI,44083.jpg
44088,Sergio,COMBA,44088_1287893222.jpg
44090,Daniel,ARAOZ,
44093,Gonzalo,ROVIRA,44093.jpg
44160,Nelson,GONZÁLEZ,44160_1300948683.jpg
44168,Alejandro,CAMARGO,44168.jpg
44185,Danilo,LERDA,44185.jpg
44198,Luciano,CARDINALI,44198_1313792045.jpg
44246,Facundo,AFFRANCHINO,44246.jpg
44247,Ricky,ÁLVAREZ,44247.jpg
44248,Diego,GONZÁLEZ,44248.jpg
44288,Yair,RODRÍGUEZ,44288.jpg
44307,César,CEBALLOS,44307_1297807549.jpg
44320,Ezequiel,VIDELA,44320.jpg
44492,Sebastián,BARTOLINI,44492.jpg
44494,Leandro,ÁLVAREZ,44494_1350479737.jpg
44496,Javier,UMBIDES,44496.jpg
44512,Guido,PIZARRO,44512.jpg
44655,Danilo,CARANDO,44655.jpg
44765,Pablo,CHAVARRÍA,44765.jpg
44908,Sergio,ARAÚJO,44908.jpg
44987,Santiago,VERGINI,44987.jpg
45010,Hernán,FERNANDEZ,
45025,Santiago,GARCÍA,45025.jpg
45035,Ezequiel,CIRIGLIANO,45035.jpg
45124,Guido,BARREYRO,
45394,Maximiliano,LUGO,45394_1320449453.jpg
45416,Emanuel,TRÍPODI,45416.jpg
45419,Manuel,LANZINI,45419.jpg
45438,Carlos,IZQUIERDOZ,45438.jpg
45466,Enrique,NARVAY,
45467,Mauro,BELLONE,45467.jpg
45485,Fabricio,FONTANINI,45485.jpg
45491,Zelmar,GARCÍA,45491_1286859490.jpg
45497,Luciano,BALBI,45497.jpg
45574,Damián,MARTÍNEZ,45574.jpg
45744,Nicolás,BERARDO,45744_1312902506.jpg
45746,Guillermo,PEREYRA,
45747,Leandro,BARRERA,45747.jpg
45748,Nicolás,BLANDI,45748.jpg
45749,Carlos,AUZQUI,45749.jpg
45751,Adrián,TORRES,45751.jpg
45753,Rodrigo,SALINAS,45753_1305624083.jpg
45763,Cristian,BERRA,45763.jpg
45764,Julián,VELÁZQUEZ,45764.jpg
45765,Nicolás,MARTÍNEZ,45765.jpg
45766,Gustavo,TOLEDO,45766.jpg
45767,Federico,DOMÍNGUEZ,
45768,Daniel,SALVATIERRA,45768_1320581678.jpg
45769,Javier,CARRASCO,45769.jpg
45770,Silvio,ROMERO,45770.jpg
45771,Sebastián,MAYORGA,45771.jpg
45772,Emanuel,OLIVERA,45772_1348920428.jpg
45773,Héctor,CANTEROS,45773.jpg
45776,Jonathan,HEREÑU,45776.jpg
45777,Muriel,ORLANDO,45777.jpg
45778,Darío,SOPLÁN,45778.jpg
45779,Renzo,VERA,45779.jpg
45780,Gastón,DIAZ,45780_1338222747.jpg
45781,Fernando,TELECHEA,45781_1349267206.jpg
45782,Fernando,PELLEGRINO,45782.jpg
45783,Lisandro,MAGALLÁN,45783.jpg
45784,Facundo,CURUCHET,45784.jpg
45785,Germán,LESSMAN,45785.jpg
45786,Nicolás,BERTOCCHI,45786.jpg
45787,Nahuel,BENÍTEZ,45787.jpg
45788,Leandro,MARÍN,45788.jpg
45789,Marcelo,CAÑETE,45789.jpg
45796,Facundo,SILVA,45796.jpg
45798,Matías,GIORDANO,45798.jpg
45799,Armando,PANCERI,45799.jpg
45800,Cristian,VELLA,45800.jpg
45801,Jonathan,FERRARI,45801.jpg
45802,Agustín,TORASSA,45802.jpg
45805,Emmanuel,PEREA,45805_1349267680.jpg
45807,Matías,PÉREZ GARCÍA,45807.jpg
45808,Matías,IBÁÑEZ,45808.jpg
45809,Cristian,VILLANUEVA,45809.jpg
45810,Eduardo,CASAIS,45810_1349271374.jpg
45811,Marcelo,RICCI,45811.jpg
45812,David,VEGA,45812.jpg
45813,Juan Pablo,SCHEFFER,45813.jpg
45814,Martín,ROLLE,45814.jpg
45815,Juan,MAURI,45815.jpg
45816,Facundo,CASTILLÓN,45816.jpg
45817,Marcos,LITRE,45817.jpg
45818,Julio,FURCH,45818.jpg
45819,Martin,QUILES,45819.jpg
45820,Claudio,CORVALÁN,45820_1362698712.jpg
45821,Francisco,CERRO,45821.jpg
45822,Diego,MORALES,45822.jpg
45878,Mauro,QUIROGA,45878.jpg
45907,Lucho,RODRÍGUEZ,45907.jpg
45925,Daniel,GARIPE,45925.jpg
45928,Mariano,BERRIEX,45928_1349508937.jpg
45929,Matías,DIAZ,
45931,Gonzalo,GIL,45931.jpg
45942,Javier,VATTER,45942_1344955801.jpg
45943,Alexis,BLANCO,45943.jpg
45944,Sebastian,JAIME,45944.jpg
45947,Denis,CAPUTO,45947.jpg
45948,Matias,MANZANO,45948_1353356526.jpg
45952,Miguel Ángel,GONZÁLEZ,45952.jpg
45954,Ángel,VILDOZO,45954.jpg
45958,Cristián,CANUHÉ,45958.jpg
45959,Omar,ZALAZAR,45959.jpg
46306,Leandro Antonio,MARTÍNEZ,46306.jpg
46369,Joel,ACOSTA,46369.jpg
46500,Pablo,FRANCES,46500_1300458445.jpg
46594,Emiliano,LATTES,46594_1347459344.jpg
46665,Nicolás,CAPRIO,46665.jpg
46994,Juan,MARTÍN,46994_1316852955.jpg
47047,Agustín,BATTIPIEDI,47047_1290814140.jpg
47062,Maximiliano,CERATTO,47062_1345190418.jpg
47192,Lucas,CONCISTRE,47192.jpg
47237,Pier,BARRIOS,47237.jpg
47374,Rodrigo,BATTAGLIA,47374.jpg
47375,Leandro,PAREDES,47375.jpg
47398,Cristian,ORTÍZ,47398.jpg
47430,Federico,COMINI,47430.jpg
47877,Juan,SÁNCHEZ MIÑO,47877.jpg
47913,Pablo,SAUCEDO,47913.jpg
47915,José,DE FILIPPI,
47918,Matías,DITURO,47918_1345722306.jpg
47921,Alfredo,RAMUA,47921.jpg
47922,Sergio,ALMIRÓN,
47972,Eial,STRAHMAN,47972.jpg
48047,Enzo,RUIZ,48047.jpg
48048,Nicolás,COLAZO,48048.jpg
48051,Brian,NIEVA,48051.jpg
48088,Juan Pablo,RIAL,48088.jpg
48125,David,ACHUCARRO,48125.jpg
48203,Antonio,ROJANO,48203.jpg
48250,Lucas,RODRÍGUEZ,48250.jpg
48270,Victor,ACOSTA,
48331,José Luis,PALOMINO,48331.jpg
48352,Leandro,SAPETTI,48352_1304646835.jpg
48353,Ignacio,FERNÁNDEZ,48353.jpg
48361,Emiliano,LENCINA,48361.jpg
48362,Julián,BOTTARO,48362_1302757729.jpg
48383,Alejandro,DELFINO,48383_1312853996.jpg
48384,Fernando,GUTIÉRREZ,48384.jpg
48394,Andrés,GUZMAN,
48410,Víctor David,LÓPEZ,
48411,Pablo,MIRANDA,48411.jpg
48574,Fernando,SPINELLI,48574.jpg
48592,Miguel,LÓPEZ,48592_1297055119.jpg
48595,Fernando,MÉNDEZ,48595_1343572480.jpg
48614,Leandro,CHAPARRO,48614_1359549776.jpg
48635,Nicolás,TAGLIAFICO,48635.jpg
48636,Federico,NEYRA,
48735,Martín,GUARINO,48735_1336157325.jpg
48761,Esteban,ANDRADA,48761.jpg
48826,Elian,PARRINO,48826_1350411782.jpg
48837,Mariano,MANNO,
48840,Raúl,POCLABA,48840.jpg
48867,Dante,SENGER,48867.jpg
48916,Luis,BUSTAMANTE,48916.jpg
49010,Gabriel,GRACIANI,49010.jpg
49023,David,ANGELOFF,49023.jpg
49061,Gonzalo,UCHA,49061_1338368813.jpg
49062,Cristián,ALESSANDRINI,49062.jpg
49122,Christian,DÍAZ,49122.jpg
49164,Fernando,MONETTI,49164.jpg
49222,Maximiliano,GIUSTI,49222.jpg
49270,Emiliano,FUSCO,49270.jpg
49507,Emiliano,GIANUNZIO,49507.jpg
49556,Leandro,CHICHIZOLA,49556.jpg
49694,Martín,TONSO,49694.jpg
49733,Gonzalo,CABRERA,49733.jpg
49933,Esteban,GONZÁLEZ,49933.jpg
50059,Nicolás,GOROSITO,50059.jpg
50281,Diego,JARA,50281.jpg
50364,Marcelo,GUZMÁN,50364.jpg
50476,Ezequiel,LAZARO,
50480,Santiago,PRIM,50480.jpg
50481,Guido,CARRILLO,50481.jpg
50512,Alejandro,SÁNCHEZ,50512.jpg
50518,Facundo,PEREYRA,50518.jpg
50531,Ramiro,FERGONZI,50531.jpg
50533,Lucas,GIOVINI,50533.jpg
50542,Alejandro,RISSO,50542.jpg
50552,Alejandro,LÓPEZ,50552.jpg
50556,Milton,ALEGRE,50556_1347609610.jpg
50582,Franco,BANO,50582.jpg
50635,Ezequiel,CARBALLO,50635_1344955803.jpg
50640,Luciano,CECCATO,50640.jpg
50647,Gustavo,BLANCO,50647.jpg
50657,Alejandro,BARBARO,50657.jpg
50666,Nicolás,ABOT,50666.jpg
50706,César,PEREYRA,50706.jpg
50717,César,RIGAMONTI,50717.jpg
50718,Lucas,PITTINARI,50718.jpg
50719,Pablo,RÚDISI,50719_1349267159.jpg
50720,Fernando,GONZÁLEZ,50720.jpg
50721,Paul,RAMOS,50721_1349271380.jpg
50722,Luciano,LOLLO,50722.jpg
50723,Guillermo,FARRÉ,50723.jpg
50724,Lucas,PARODI,50724.jpg
50725,Adrián,MAIDANA,50725.jpg
50726,Mariano,ALDECOA,50726.jpg
50727,Giuliano,BARDÍN,50727.jpg
50728,Iván,ETEVENAUX,50728.jpg
50729,Juan,ZÁRATE,50729_1326212872.jpg
50730,Héctor,CUEVAS,50730.jpg
50731,Pedro,SUÁREZ,50731.jpg
50733,Juan,CÁRDENAS,50733.jpg
50734,Wálter,YACOB,50734.jpg
50735,Mauro,MAIDANA,50735.jpg
50736,Santiago,ZURBRIGGEN,50736.jpg
50737,Sebastián,VIDAL,50737.jpg
50738,Pablo,BRUNA,50738.jpg
50739,Fausto,MONTERO,50739.jpg
50740,Ricardo,ACOSTA,50740_1352489337.jpg
50741,Alexis,FERNÁNDEZ,50741.jpg
50742,Daniel Alejandro,PÉREZ,50742.jpg
50743,Jorge,VELÁZQUEZ,50743.jpg
50744,Emanuel,MORENO,50744.jpg
50745,Paulo,ROSALES,50745.jpg
50746,Matías,SOTO TORRES,50746.jpg
50747,Nicolás,AMERISE,
50749,Guillermo,SARA,50749.jpg
50750,Carlos,DE GIORGI,50750.jpg
50751,Joel,SACKS,50751.jpg
50752,Alexis,NIZ,50752.jpg
50753,Óscar,CARNIELLO,50753.jpg
50754,Martín,ZBRUN,50754.jpg
50755,Germán,CÁCERES,
50756,Wálter,SERRANO,50756.jpg
50757,Germán,RODRÍGUEZ ROJAS,50757.jpg
50758,Matías,FISSORE,50758.jpg
50760,Luis,LAGRUTTA,50760.jpg
50761,Nicolás,CAPELLINO,50761.jpg
50762,Matías,ZBRUN,50762.jpg
50763,Rodrigo,DEPETRIS,50763.jpg
50768,Rubén,ZAMPONI,50768_1349267687.jpg
50769,Martín,AGUIRRE,50769.jpg
50770,Damián,CANUTO,50770_1349267968.jpg
50771,Raúl,QUIROGA,50771_1349267706.jpg
50772,Emmanuel,MÁS,50772.jpg
50773,Juan Pablo,PASSAGLIA,50773_1340873013.jpg
50774,Maximiliano,BARREIRO,50774.jpg
50776,Leandro,GONZÁLEZ PÍREZ,50776.jpg
50777,Facundo,GÓMEZ,
50778,Arnaldo,GONZÁLEZ,50778.jpg
50783,Oliver,PAZ BENÍTEZ,50783.jpg
50784,Emiliano,MÉNDEZ,50784.jpg
50785,Dardo,MILOC,50785.jpg
50786,Alan,RUIZ,50786.jpg
50787,Joaquín,ROMEA,50787_1348905604.jpg
50799,Jorge,PIÑERO DA SILVA,50799.jpg
50800,Martín,LUQUE,50800.jpg
50801,Lorenzo,FARAVELLI,50801.jpg
50802,Cristian,DÍAZ,50802.jpg
50803,Ignacio,COLOMBINI,50803.jpg
50804,Valentín,VIOLA,50804_1352063024.jpg
50805,Fabricio,PEDROZO,50805.jpg
50808,Juan,PRESENTADO,50808_1339761903.jpg
50822,Diego,ACOGLANIS,50822.jpg
50832,Diego,AUZQUI,50832_1315090443.jpg
50833,Cristian,VARELA,50833_1349271404.jpg
50834,Matías,SAAD,50834_1337500819.jpg
50835,Diego,FTACLA,50835.jpg
50838,Hernán,PEREYRA,
50839,Cipriano,TREPPO,
50840,Nicolás,BAUCHET,50840.jpg
50841,Diego,RODRÍGUEZ,50841.jpg
50842,Federico,PISTONE,50842_1337728473.jpg
50843,Rodrigo,DÍAZ PONCE,50843.jpg
50844,Juan,RAMÍREZ,50844.jpg
50845,Matías,LABA,50845.jpg
50846,Emanuel,AGUILERA,50846.jpg
50847,Mariano,BÍTTOLO,50847_1348920119.jpg
50860,Ramón,ÁBILA,50860.jpg
50866,Sergio,ESCALANTE,50866.jpg
50868,Mario,SANTILLI,50868.jpg
50878,Imanol,IRIBERRI,50878.jpg
50881,Luciano,URSINO,
50904,Ezequiel,RESCALDANI,50904.jpg
50905,Alejandro,GAGLIARDI,50905.jpg
50906,Federico,CARRIZO,50906.jpg
50949,Ramiro,ARRÚ,
50958,Bruno,FISTORI,
50974,Emanuel,MOLINA,50974.jpg
51009,Guillermo,CARRIZO,
51050,Franco,ARMANI,51050.jpg
51071,Martín,RIVERO,51071.jpg
51084,Claudio,AQUINO,51084.jpg
51085,Jorge,PEREYRA DÍAZ,51085.jpg
51108,Patricio,GÓMEZ,51108.jpg
51129,Federico,LÉRTORA,51129.jpg
51130,Marcos,SÁNCHEZ,51130.jpg
51160,Nicolás,AGORRECA,
51161,Rodrigo,ESPÍNDOLA,51161.jpg
51242,Héctor,MORALES,51242.jpg
51328,Luciano,OLGUÍN,51328.jpg
51483,Luciano,ABECASIS,51483.jpg
51602,Matías,SOSA,51602.jpg
51780,Leandro,FERNÁNDEZ,51780.jpg
51940,Damián,PETCOFF,51940.jpg
51943,Mauro,FERNÁNDEZ,51943.jpg
52051,Lucas,OCAMPOS,52051.jpg
52130,Esteban,ORFANO,52130.jpg
52305,Jorge,CORREA,52305.jpg
52319,Mariano,CAPORALE,52319.jpg
52336,Nicolás,FALCZUK,
52359,Pablo,CAMPODÓNICO,52359.jpg
52601,Aldo,VISCONTI,52601.jpg
52702,Emanuel,GUIRADO,52702.jpg
52813,Francisco,MOLINA,52813_1355913145.jpg
52849,Paulo,DYBALA,52849.jpg
52851,Lucas,MANCINELLI,52851.jpg
52965,Horacio,CALCATERRA,52965.jpg
53124,Tomás,DE VINCENTI,53124.jpg
53167,Carlos,DELGADO,53167.jpg
53251,Julio,RAMÍREZ,53251_1349267179.jpg
53300,Ezequiel,ÁVILA,53300.jpg
53310,Leandro,BECERRA,53310.jpg
53363,Nicolás,LÓPEZ MACRI,53363.jpg
53409,Germán,PEZZELLA,53409.jpg
53494,Jonathan,MAZZOLA,53494.jpg
53749,Guillermo,FERRACUTTI,53749_1347632153.jpg
53750,Maxi,URRUTI,53750.jpg
53831,Julio,BUFFARINI,53831.jpg
53974,Emanuel,HERRERA,53974.jpg
54060,Martín,PÉREZ GUEDES,54060.jpg
54249,Emiliano,SALA,54249.jpg
54304,Jonathan,PACHECO,54304.jpg
54315,Carlos,REARTE,54315.jpg
54382,Adrián,MARTÍNEZ,54382.jpg
54387,Pablo,DESPÓSITO,54387.jpg
54389,Martín,BENÍTEZ,54389.jpg
54398,Alejandro,CASCIO,54398.jpg
54462,Brian,FERREIRA,54462.jpg
54463,Pablo,PERAFÁN,54463.jpg
54482,Lucas,KRUSPZKY,54482.jpg
54491,Federico,FALCONE,54491_1357619672.jpg
54500,Gaspar,IÑIGUEZ,54500.jpg
54507,Lucas,VILLAFAÑEZ,54507.jpg
54613,Agustín,VULETICH,54613_1338222739.jpg
54614,Ramiro,FUNES MORI,54614.jpg
54635,Diego,ROMERO,54635_1352118926.jpg
54646,Tomás,LANZINI,54646.jpg
54648,Germán,ALECHA,54648.jpg
54656,Javier,ROSSI,54656.jpg
54661,Sebastián,LÓPEZ,54661_1347839724.jpg
54668,Ezequiel,CACACE,54668.jpg
54673,Javier,CAPELLI,54673.jpg
54681,Javier,VELÁZQUEZ,54681_1355508334.jpg
54756,Emiliano,BONFIGLI,54756_1343385379.jpg
54768,Armando,MONTEVERDE,
54769,Juan,TALLARICO,
54772,Luis,RODRÍGUEZ,
54835,José María,BELFORTI,54835_1340697604.jpg
54852,Adrián,RETA,54852_1337895929.jpg
54853,Gonzalo,BETTINI,54853.jpg
54854,Rodrigo,PEPE,54854.jpg
54855,Diego,MOLINA,54855.jpg
54856,Guido,DI VANNI,54856_1355877061.jpg
54857,Andrés,CHÁVEZ,54857.jpg
54867,Ezequiel,PARNISARI,54867.jpg
54868,Gabriel,DÍAZ,54868.jpg
54869,Wálter,SÁNCHEZ,54869.jpg
54871,Emiliano,ROMERO,54871.jpg
54875,Edgardo,BRITTES,54875.jpg
54877,Claudio,MONTI,54877.jpg
54881,Marcos,PÉREZ,54881_1355653498.jpg
54882,Fabián,MUÑOZ,54882.jpg
54883,Gabriel,HACHEN,54883.jpg
54884,Lucas,CHAPARRO,54884.jpg
54885,Gonzalo,BOZZONI,54885.jpg
54886,Leandro,NAVARRO,54886.jpg
54887,Diego,MARTÍNEZ,54887.jpg
54888,Agustín,SILVA,54888.jpg
54896,Matías,SARULYTE,54896.jpg
54898,Sergio,MODÓN,54898.jpg
54899,Francisco,MARTÍNEZ,54899_1349271461.jpg
54900,Matías,RUDLER,54900_1349267911.jpg
54901,Martín,ZAPATA,54901.jpg
54902,Enry,RUI,54902_1349267972.jpg
54903,Nicolás,BATISTA,54903.jpg
54904,Santiago,NAGÜEL,54904.jpg
54913,Dante,FORMICA,54913.jpg
54919,Julián,CARDOZO,54919_1337728594.jpg
54920,Lucas,CEBALLOS,54920.jpg
54921,Juan,GARRO,54921.jpg
54922,Ignacio,ARCE,54922.jpg
54923,Pablo,MAGNÍN,54923.jpg
54926,Juan,NAVARRETE,54926_1349267689.jpg
54927,Francisco,MATTIA,54927_1349267719.jpg
54928,Diego,GARCÍA,54928_1342474263.jpg
54929,Francisco,PIZZINI,54929.jpg
54930,Cristian,LEMA,54930.jpg
54931,Leandro,LEGUIZAMÓN,54931_1337762651.jpg
54945,Lucas,ALARIO,54945.jpg
54947,Gastón,ÁLVAREZ SUÁREZ,54947.jpg
54948,Tobías,FIGUEROA,54948.jpg
54949,Juan,IURINO,54949_1347562512.jpg
54950,Leandro,DESÁBATO,54950.jpg
54951,Luciano,VÍETTO,54951.jpg
55112,Lucas,LÓPEZ,55112.jpg
55117,Gerardo,BRUNA,55117.jpg
55343,Juan Martìn,ULLOA,55343.jpg
55363,Nahuel,JIMÉNEZ,55363.jpg
55409,Ramiro,RODRÍGUEZ RENDÓN,55409.jpg
55475,Pablo,DE BLASIS,55475.jpg
55592,Leonardo,JARA,55592.jpg
55594,Patricio,VIDAL,55594.jpg
55618,Lucas,MUGNI,55618.jpg
55650,Fabián,MONSERRAT,55650.jpg
55817,Cristian,GUANCA,55817.jpg
55841,Juan,CAVALLARO,55841.jpg
55937,Lucas,CANO,55937.jpg
56024,Matías,GARCÍA,56024_1337895808.jpg
56297,Martín Sebastián,MADRID,
56306,Guillermo,FERNÁNDEZ,56306.jpg
56362,Gino,PERUZZI,56362.jpg
56365,Guillermo,ORTIZ,56365.jpg
56375,Ramiro,COSTA,56375.jpg
56393,Federico Ezequiel,BUGATTI,56393.jpg
56426,Paulo,GAZZANIGA,56426.jpg
56427,Sebastián,OLIVARES,56427.jpg
56541,Sebastián,ACIAR,56541.jpg
56671,Maximiliano,CAVALLOTTI,56671.jpg
56816,Nicolás,GONZÁLEZ,56816.jpg
57006,Lucas,MELANO,57006.jpg
57101,Pablo,BURZIO,57101.jpg
57102,Franco,CANEVER,57102.jpg
57103,Rafael,DELGADO,57103.jpg
57122,Maio,FEDE,57122_1342598426.jpg
57160,Jonathan,BENÍTEZ,57160.jpg
57161,Diego,SÁNCHEZ,57161.jpg
57162,Leonardo,ACOSTA,57162_1352118826.jpg
57163,Lucas,MÁRQUEZ,57163.jpg
57164,Marcos,ACUÑA,57164.jpg
57233,Nicolás,CHERRO,57233.jpg
57362,Martín,MANTOVANI,57362.jpg
57378,Nico,CHIETINO,57378_1357681660.jpg
57496,Alexander,SZYMANOWSKI,57496.jpg
57661,Silvio,DULCICH,57661.jpg
57663,Joel,CARLI,57663.jpg
57664,Germán,MANDARINO,57664.jpg
57665,Sergio,HIPPERDINGER,57665.jpg
57668,Emiliano,TERZAGHI,57668.jpg
57669,Matías,LÓPEZ,57669.jpg
57670,Leandro,FILIPPINI,57670.jpg
57702,Emiliano,TADE,57702.jpg
57742,Claudio,OJEDA,57742_1343072289.jpg
57743,Sergio,LÓPEZ,57743.jpg
57744,Diego,SEVILLANO,57744.jpg
57746,Ricardo,CENTURIÓN,57746.jpg
57873,Juan Manuel,VIALE,57873.jpg
57874,Lucas,VIALE,57874.jpg
58057,Jonathan,TEJADA,58057_1358340784.jpg
58116,Pablo,PAVETTI,58116_1348676316.jpg
58118,Wálter,KANNEMANN,58118.jpg
58184,Luis,JÉREZ SILVA,58184.jpg
58188,Augusto,ÁLVAREZ,58188_1349267714.jpg
58189,Matías,DÍAZ,58189_1349267155.jpg
58190,Fernando,MÁRQUEZ,58190.jpg
58191,Matías,VALDEZ,58191_1343072493.jpg
58192,Juan,JAIME,58192.jpg
58193,Óscar,BENÍTEZ,58193.jpg
58194,Bruno,VIDES,58194.jpg
58228,Emanuel,TARABINI,58228.jpg
58229,Joaquín,CORREA,58229.jpg
58230,Gastón,GIL ROMERO,58230.jpg
58231,Marcos,FIGUEROA,58231.jpg
58232,Franco,FLORES,58232.jpg
58233,Maximiliano,RODRÍGUEZ,58233.jpg
58234,Fabio,VÁZQUEZ,58234_1343072372.jpg
58270,Jonathan,SCHUNKE,58270.jpg
58298,Sebastián,POL,58298.jpg
58334,Marcos,FERNÁNDEZ,58334.jpg
58335,Federico,JOURDAN,58335.jpg
58337,Jonathan,VALLE,58337.jpg
58338,Juan,CAREAGA,58338_1349267669.jpg
58339,Javier,SOÑER,58339.jpg
58353,Mauro,ICARDI,58353.jpg
58392,Emanuel,INSÚA,58392.jpg
58393,Cristian,ÁLVAREZ,58393_1345190413.jpg
58394,Alejandro,DONATTI,58394.jpg
58395,Kévin,ITABEL,58395.jpg
58396,Víctor,CUESTA,58396.jpg
58505,Lautaro,GIANNETTI,58505.jpg
58506,Federico,FREIRE,58506.jpg
58570,Andrés,GURRIERI,58570_1351204958.jpg
58624,Guido,MILÁN,58624.jpg
58645,Agustín,ALLIONE,58645.jpg
58648,Nicolás,VILLAFAÑE,58648_1344412812.jpg
58650,Julio,CHIARINI,58650.jpg
58677,Sebastián,BÉRTOLI,58677_1352118171.jpg
58684,Jonathan,SILVA,58684.jpg
58752,Gabriel,CARABAJAL,58752.jpg
58780,Leandro,REQUENA,58780_1345017612.jpg
58837,Jonathan,PHILIPPE,58837_1344955763.jpg
58880,Santiago,CESANELLI,58880_1345851363.jpg
58890,Leonardo,CARBONI,58890.jpg
58894,Jorge,MANDUCA,58894_1345104032.jpg
58943,Claudio,FRANCÉS,58943_1345303353.jpg
58944,Albano,BECICA,58944_1345363215.jpg
58966,Facundo,OREJA,58966_1348582254.jpg
58977,Andrés,BAILO,58977.jpg
58978,Mauro,ASTRADA,58978_1345587341.jpg
59068,Fernando,LEDESMA,59068_1345913635.jpg
59180,Diego,AGUIAR,59180_1346313605.jpg
59181,Jesús,NIEVAS,59181_1346313605.jpg
59182,Maximiliano,VELASCO,59182_1347270493.jpg
59670,Lucas,SALAS,59670.jpg
59676,Nicolás,TRULLS,59676_1347264025.jpg
59677,Agustín,DÍAZ,59677.jpg
59698,Diego,OLSINA,59698_1347609607.jpg
59705,Luis,ACUÑA,59705.jpg
59723,Claudio,RIAÑO,59723.jpg
59729,Rodrigo,CHÁVEZ,59729_1347270447.jpg
59730,Franco,OLEGO,59730.jpg
60136,Gonzalo,MARTÍNEZ,60136.jpg
60349,Matias,MUCHARDI,60349.jpg
60354,Iván,DÍAZ,60354_1360141202.jpg
60489,Sebastián,SIRITTO,
60513,Franco,MUSSIS,60513.jpg
60521,Luciano,GOUX,60521_1348090765.jpg
60622,Matias,LEICHNER,60622_1348427802.jpg
60623,Christian,LEICHNER,60623.jpg
60872,Ángel Federico,CHARES ROJAS,60872_1348817379.jpg
60876,Lucas,ROMERO,60876.jpg
60892,Jonathan,MENÉNDEZ,60892.jpg
60961,Luis,ASEFF,60961_1349271422.jpg
61051,Gonzalo,SOTO,61051_1349267175.jpg
61062,Gaston,MINUTILLO,61062.jpg
61102,Emiliano,MARTÍNEZ,61102.jpg
61185,Andrés,JEMIO,61185_1349287697.jpg
61195,Juan,ROBLEDO,61195.jpg
61198,Mauro,ZANOTTI,61198.jpg
61201,Maximiliano,ANDRADA,61201_1350766222.jpg
61205,Cristian,ZÁRATE,61205.jpg
61219,Fernando,MONTENEGRO,
61235,Martín,PALAVICINI,61235_1351038210.jpg
61237,Tobias,ALBARRACÍN,61237_1349651222.jpg
61286,Carlos,CASTILLA,61286.jpg
61310,Hernán,ZANNI,61310.jpg
61333,Alberto,ALARCÓN,
61338,Ariel,ARAGÓN,
61339,Alexis,BRAVO,61339.jpg
61340,Diego,CARDOZO,61340.jpg
61359,Walter,FERREYRA,
61362,Jorge,MOLINA,61362.jpg
61366,Marcos,OVEJERO,
61386,Pablo,OLMEDO,
61391,Rafael,SEGOVIA,
61392,Fernando,BRANDÁN,61392.jpg
61395,Maximiliano,VALLEJO,
61456,Juan,MARCARIE,61456.jpg
61478,Ismael,GÓMEZ,61478_1356426003.jpg
61489,Nahuel,FERNANDES,61489_1349508325.jpg
61535,Luciano,BOSTAL,61535.jpg
61537,Lucas,MARTELLA,61537.jpg
61658,Diego,GÓMEZ,
61664,Maximiliano,ARDETTI,
61825,Emanuel,DE PORRAS,61825_1350807937.jpg
61834,Carlos Javier,LÓPEZ,61834.jpg
61838,Leandro,SCORNAIENCHI,
61861,Mauricio,MAZZETTI,61861.jpg
61878,Fabián,GALFRASCOLI,
61929,Leonardo,ZAROZA,
61936,Leandro Gastón,RODRÍGUEZ,61936.jpg
61937,Lucas Damián,RODRÍGUEZ,
61952,Carlos,BELTRÁN,61952_1354006805.jpg
61985,Luciano,PONS,61985.jpg
62019,Walter,AGUILAR,
62184,Sebastián,CONTRERAS,
62239,Federico,RASIC,62239.jpg
62272,Sebastián,CUERDO,62272.jpg
62281,Andrés,FORMENTO,62281.jpg
62417,Federico,GARCÍA,
62427,Bernardo,CUESTA,62427.jpg
62428,Julian,DI COSMO,62428.jpg
62520,Pablo,CORTIZO,62520.jpg
62558,Fede,CARTABIA,62558.jpg
62601,Nicolás,BENAVIDEZ,62601.jpg
62741,Lucas,JANSON,62741_1358413205.jpg
62763,Lisandro,SILVA,62763_1350720537.jpg
62917,David,ESCALANTE,62917_1351116282.jpg
63059,Andrés,COLOMBO,
63113,Federico,LEÓN,63113.jpg
63138,Hernán Pablo,GARÍN,63138.jpg
63144,Juan Ignacio,DUMA,63144.jpg
63339,Benito,MONTALVO,63339.jpg
63371,Lucas,VILLALBA,63371.jpg
63766,Guido,ABAYIÁN,63766.jpg
63781,Federico,ORTIZ LÓPEZ,63781.jpg
63793,Gianfranco,GAZZANIGA,63793_1353360823.jpg
63845,Lucas,LENCINA,63845.jpg
63855,Cristian,PIOJO,63855.jpg
64077,Aldo,BÁEZ,64077.jpg
64174,Augusto,SOLARI,64174.jpg
64186,Nery,DOMÍNGUEZ,64186.jpg
64200,Agustín,COUSILLAS,64200.jpg
64227,Leonardo,GIL,64227.jpg
64268,Juan,SILLS,64268.jpg
64269,Diego,MARTÍNEZ,64269.jpg
64333,David,REAÑO,64333.jpg
64341,Matías,KRANEVITTER,64341.jpg
64422,Gastón,BOTTINO,64422.jpg
64423,Nahuel,SANTOS,64423.jpg
64424,Aníbal,MEDINA,64424.jpg
64501,Jonathan,BUSTOS,64501.jpg
64511,Santiago,BEZRUK,64511.jpg
64538,Sergio,VELÁZQUEZ,64538_1362046296.jpg
64549,Andres,BOTTIGLIERI,64549.jpg
64555,Ezequiel,AGUIMCER,64555_1361856351.jpg
64586,Rodrigo,DE PAUL,64586.jpg
64593,Cristian,IVANOBSKY,64593.jpg
64604,Nicolás Emanuel,CROCE,64604.jpg
64623,Emiliano,OLIVERO,64623.jpg
64641,Pablo,MAZZA,64641.jpg
64651,Leonel,MIRANDA,64651.jpg
64685,Walter,ANDRADE,64685.jpg
64691,Eduardo,DOS SANTOS,64691.jpg
64730,Juan,IMBERT,64730.jpg
64731,Fernando,CONIGLIO,64731.jpg
64747,Sebastián,PALACIOS,64747.jpg
64750,Diego,CISTERNA,64750.jpg
64868,Federico,CHIAPELLO,64868.jpg
64869,Marcos,RIQUELME,64869.jpg
64926,Alan,AGUIRRE,64926.jpg
64945,Wilfredo,OLIVERA,64945.jpg
64964,Javier,TOLEDO,64964.jpg
65052,Gabriel,GONZÁLEZ,65052.jpg
65120,Fernando,ELIZARI,65120.jpg
65127,Emiliano,OLCESE,65127.jpg
65130,Edgardo,GALINDEZ,65130.jpg
65146,Fabricio,LENCI,65146.jpg
65158,Milton,CÉLIZ,65158.jpg
65161,Pablo,BECKER,65161.jpg
65172,Federico,BRAVO,65172.jpg
65244,Sebastián,SAÉZ,65244.jpg
65263,Gerónimo,RULLI,65263.jpg
65423,Héctor,VILLALBA,65423.jpg
65497,Bruno,PEZZELLA,65497.jpg
65721,José Manuel,CASPARY,65721.jpg
65746,Martín,RÍOS,65746.jpg
65818,Horacio,ORZÁN,65818.jpg
65826,Nicolas,MARTÍNEZ,65826.jpg
65835,Cristian,INSAURRALDE,65835.jpg
65848,Gonzalo,ESCALANTE,65848.jpg
65855,Nahuel,ZÁRATE,65855.jpg
65879,Luis,SOLIGNAC,65879.jpg
66040,Juan Carlos,LESCANO,66040.jpg
66203,Julián,MONTENEGRO,66203.jpg
66574,Ariel,ANDRUSYSZYN,
66700,Ezequiel,LAZO,66700.jpg
66722,Darío,CAPOGROSSO,66722.jpg
66723,Marcelo,VEGA,66723.jpg
66724,Pedro,FERNÁNDEZ,66724.jpg
66725,Maximiliano,PAREDES,66725.jpg
66774,Joaquín,LENCINAS,66774.jpg
66879,Gonzalo,VERÓN,66879.jpg
66894,Ángel,CORREA,66894.jpg
66951,Ariel,BULASIO,66951.jpg
66952,Agustín,STAROPOLI,66952.jpg
66960,Darío,CAJARAVILLA,66960.jpg
66961,Ricardo,VILLALBA,66961.jpg
67055,Adrián,IGLESIAS,67055.jpg
67705,Juan Ignacio,GONZÁLEZ,
67706,Fernando,EVANGELISTA,67706.jpg
67720,Hernán,PARENTINI,67720.jpg
67721,Mauro,BUSTOS,67721.jpg
67727,Gastón,ADA,67727.jpg
67784,Miguel,MELLADO,67784.jpg
67785,Lucas,GAMBA,67785.jpg
67824,Leonardo,ROLHEISER,67824.jpg
67827,Diego,DIELLOS,67827.jpg
67922,Enzo,BELOSO,67922.jpg
68020,Luis,VILA,68020.jpg
68114,Rodrigo,CASTRO,68114.jpg
68174,Rodrigo,CONTRERAS,68174.jpg
68175,Sebastián,MOYANO,68175.jpg
68176,Lucas,ZELARAYÁN,68176.jpg
68177,Giovanni,SIMEONE,68177.jpg
68178,Federico,ANDRADA,68178.jpg
68179,Miguel,ALBA,68179.jpg
68194,Axel,WERNER,68194.jpg
68195,Gonzalo,MARINELLI,68195.jpg
68268,Gaspar,SERVIO,68268.jpg
68291,Agustín,BOSSIO,68291.jpg
68318,Gerardo,PÉREZ,68318.jpg
68564,Ezequiel,CERUTTI,68564.jpg
68629,Gonzalo,MOTTURA,68629.jpg
68656,Jonathan,ZACARÍA,68656.jpg
68742,Emiliano,ELLACÓPULOS,68742.jpg
68758,Lucas,ALBERTENGO,68758.jpg
68777,José Luis,GÓMEZ,68777.jpg
68796,Gastón,LEZCANO,68796.jpg
68798,Smitarello,GUILLE,68798.jpg
68859,Nicolás,RATTI,68859.jpg
68890,Daniel,DELGADO,68890.jpg
68914,Franco,LAZZARONI,68914.jpg
68957,Joaquín,ARZURA,68957.jpg
68958,Lucas,PÉREZ GODOY,68958.jpg
68959,Maximiliano,MEZA,68959.jpg
68960,Ramiro,CARRERA,68960.jpg
68982,Fábian,NOGUERA,68982.jpg
69212,Alejandro,GARCÍA,69212.jpg
69214,Ezequiel,MELILLO,69214.jpg
69215,Matías,MARTÍNEZ,69215.jpg
69217,Juan,DINENNO,69217.jpg
69218,Leonardo,FERREYRA,69218.jpg
69220,Ezequiel,VIDAL,69220.jpg
69231,Juan,TREJO,69231.jpg
69247,Luis,CASTILLO,69247.jpg
69248,Martín,COMACHI,69248.jpg
69251,Cristian,SAIN,69251.jpg
69252,Marcelo,MELI,69252.jpg
69253,Marcelo,ARGÜELLO,69253.jpg
69254,Facundo,CALLEJO,69254.jpg
69255,Diego,FUENTES,69255.jpg
69256,Nehuén,PAZ,69256.jpg
69257,Julián,FERNÁNDEZ,69257.jpg
69258,Gabriel,LÓPEZ,69258.jpg
69259,Jonathan,CALLERI,69259.jpg
69260,Lautaro,FERNÁNDEZ,69260.jpg
69261,Ramiro,CÁSERES,69261.jpg
69289,Renzo,SARAVIA,69289.jpg
69294,Manuel,GARCÍA,69294.jpg
69295,Tomás,BERRA,69295.jpg
69296,Cristian,GODOY,69296.jpg
69297,Jonátan,SCHULZE,69297.jpg
69298,Jonás,AGUIRRE,69298.jpg
69299,Federico,FLORES,69299.jpg
69300,Matías,GALVALIZ,69300.jpg
69301,Lucas,LAZO,69301.jpg
69302,Antonio,MEDINA,69302.jpg
69303,Walter,ACUÑA,69303.jpg
69305,Juan,ALVACETE,69305.jpg
69306,Guillermo,COSARO,69306.jpg
69307,Érik,GODOY,69307.jpg
69308,Lucas,VESCO,69308.jpg
69309,Lucas,MENOSSI,69309.jpg
69310,Facundo,SÁNCHEZ,69310.jpg
69311,Cristian,BORDACAHAR,69311.jpg
69312,Alan,ALEGRE,69312.jpg
69313,Leonel,BONTEMPO,69313.jpg
69314,Emiliano,CARRASCO,69314.jpg
69315,Matías,MORALES,69315.jpg
69316,Martin,GIMÉNEZ,69316.jpg
69317,Adrián,TOLOZA,69317.jpg
69334,Raúl,BECERRA,69334.jpg
69336,Matias,ZALDIVIA,69336.jpg
69470,Alan,AGUERRE,69470.jpg
69471,Facundo,CARDOZO,69471.jpg
69472,Eros,MEDAGLIA,69472.jpg
69473,Yamil,ASAD,69473.jpg
69474,Federico,MARCUCCI,69474.jpg
69475,Leonardo,VILLALBA,69475.jpg
69476,Eduardo,PUCHETA,69476.jpg
69477,Leonardo,ROLÓN,69477.jpg
69478,Federico,VÁZQUEZ,69478.jpg
69479,Nery,LEYES,69479.jpg
69480,Marcelo,HERRERA,69480.jpg
69481,Facundo,MONTESEIRÍN,69481.jpg
69482,Fernando,BARRIENTOS,69482.jpg
69483,Jorge,VALDEZ CHAMORRO,69483.jpg
69485,Nicolás,PASQUINI,69485.jpg
69486,Ignacio,BAILONE,69486.jpg
69487,Mariano,ALMANDOZ,69487.jpg
69488,Nicolás,FREIRE,69488.jpg
69489,Leonardo,SÁNCHEZ,69489.jpg
69490,Rodrigo,GÓMEZ,69490.jpg
69492,Enrique,TRIVERIO,69492.jpg
69630,Fede,VEGA,69630.jpg
69631,Tomás,MARTÍNEZ,69631.jpg
69632,Juan,KAPROF,69632.jpg
69633,Alejandro,ROMERO GAMARRA,69633.jpg
69635,Nicolás,FERREYRA,69635.jpg
69636,Federico,ÁLVAREZ,69636.jpg
69637,Emiliano,RIGONI,69637.jpg
69639,Álvaro,KLUSENER,69639.jpg
69640,Javier,SEQUEYRA,69640.jpg
69641,Diego,MENDOZA,69641.jpg
69685,Leandro,CORULO,69685.jpg
69689,Ignacio,JAÚREGUI,69689.jpg
69690,Ignacio,LACHALDE,69690.jpg
69691,Fabricio,ANGILERI,69691.jpg
69692,Fernando,ZUQUI,69692.jpg
69693,Renato,PINEDO,69693.jpg
69694,Dimas,MORALES,69694.jpg
69695,Pablo,GAITÁN,69695.jpg
69696,Nicolás,ORSINI,69696.jpg
69697,Ignacio,PUSSETTO,69697.jpg
69698,Sebastián,D&#39;ANGELO,69698.jpg
69699,Dino,CASTAGNO,69699.jpg
69700,Francisco,DI FRANCO,69700.jpg
69709,Matías,CATALÁN,69709.jpg
69710,Federico,MILO,69710.jpg
69712,Eugenio,ISNALDO,69712.jpg
69713,Carlos,TORRES,69713.jpg
69714,Juan,VIEYRA,69714.jpg
69715,Ezequiel,PONCE,69715.jpg
69811,Abel,SORIANO,69811.jpg
69812,Sebastián,NAVARRO,69812.jpg
69825,Juan Martín,LUCERO,69825.jpg
69858,Gastón,CAMPI,69858.jpg
69973,Emanuel,BRITEZ,69973.jpg
69993,Tomás,CHARLES,69993.jpg
70080,Luciano,GUAYCOCHEA,70080.jpg
70090,Matías,VEGNADUZZO,70090.jpg
70650,Esteban,PEREYRA,70650.jpg
70651,Gabriel,TOMASINI,70651.jpg
70697,Luis,GARNIER,70697.jpg
70698,Ramiro,LÓPEZ,70698.jpg
70700,Nicolás,SÁNCHEZ,70700.jpg
71041,Luciano,VÁZQUEZ,
71046,Mariano,GUERREIRO,71046.jpg
71051,Leandro,AGUIRRE,71051.jpg
71052,Brian,FLORES,71052.jpg
71053,Leonardo,BAIMA,71053.jpg
71054,Agustín,BRIONES,71054.jpg
71055,Jonathan,GALVÁN,71055.jpg
71056,Ignacio,MALCORRA,71056.jpg
71057,Nicolás,MIRACCO,71057.jpg
71058,Andrés,LOPE,71058.jpg
71061,Sebastián,DRIUSSI,71061.jpg
71217,Federico,CRIVELLI,71217.jpg
71301,Juan Manuel,MARITAL,71301.jpg
71318,Lucas,ACOSTA,71318.jpg
71396,Matías,BOLATTI,71396.jpg
71403,Leonel,UNYICIO,71403.jpg
71651,Leandro,BENÍTEZ,71651.jpg
71656,Ezequiel,MARTINO,71656.jpg
71657,Luciano,ROMERO,71657.jpg
71714,Facundo,SERRA,
71715,Lucas,ONTIVERO,71715.jpg
71742,Matías,SÁNCHEZ,71742.jpg
71754,Gabriel,GRACIANI,71754.jpg
71765,Nicolas,DI BIASE,71765.jpg
71976,Esteban,SACHETTI,71976.jpg
72014,Nicolás,DE BRUNO,72014.jpg
72050,Mauro,DOBLER,72050.jpg
72130,Jonathan,HANSEN,72130.jpg
72233,Matías,PÉREZ ACUÑA,72233.jpg
72237,Francisco,GRAHL,72237.jpg
72412,Marcos,LÓPEZ,72412.jpg
72690,Gabriel,ARIAS,72690.jpg
72735,Alejandro,ALEMANDI,72735.jpg
72736,David,BARBONA,72736.jpg
72841,Pablo,HEREDIA,72841.jpg
73036,Víctor,CABRERA,73036.jpg
73037,Marcelo,VIDAL,73037.jpg
73146,Cristian,PAVÓN,73146.jpg
73167,Sergio,UNREIN,73167.jpg
73206,Guillermo,GARCÍA,
73218,Javier,FAVAREL,
73220,Ángel,LUNA,
73221,Fernando,PASCUAL,
73226,Walter,MAZZOLATTI,73226.jpg
73338,Marcos,ASTINA,73338.jpg
73389,Marcos,RIVADERO,73389.jpg
73390,Joel,VALDEMARÍN,73390.jpg
73394,Mauricio,ROSALES,73394.jpg
73397,Luciano,ACOSTA,73397.jpg
73503,Leonel,DI PLÁCIDO,73503.jpg
73504,Rodrigo,ARCIERO,73504.jpg
73505,Yonathan,CABRAL,73505.jpg
73506,Michael,PIERCE,73506.jpg
73507,Genaro,VUANELLO,73507.jpg
73508,Walter,BENÍTEZ,73508.jpg
73562,Nahuel,LUJÁN,73562.jpg
73622,Adrián,SCIFO,73622.jpg
73625,Franco,FRAGAPANE,73625.jpg
73708,Emanuel,MAMMANA,73708.jpg
73729,Fernando,OTAROLA,73729.jpg
73730,Leandro,CHETTI,73730.jpg
73731,Juan Manuel,AZIL,73731.jpg
73732,Andrés,MONTENEGRO,73732.jpg
73741,Emanuel,LOESCHBOR,73741.jpg
73746,Jonathan,REQUENA,73746.jpg
73925,Damián,SCHMIDT,73925.jpg
73931,Mauro,BAZÁN,73931.jpg
73968,Christian,CHIMINO,73968.jpg
74050,Facundo,LESCANO,74050.jpg
74081,Rodrigo,REY,74081.jpg
74112,Patricio,BERARDO,74112.jpg
74122,Gonzalo,DÍAZ,74122.jpg
74153,Gastón,BOJANICH,74153.jpg
74155,Ignacio,ORONÁ,74155.jpg
74156,Rodrigo,ALONSO,74156.jpg
74157,Rodrigo,AILLAPAN,74157.jpg
74158,Luis,QUIROGA,74158.jpg
74159,Esteban,CIACCHERI,74159.jpg
74160,Gustavo,BENITEZ,74160.jpg
74161,Emiliano,FERNÁNDEZ,74161.jpg
74162,Pablo,RUIZ,74162.jpg
74163,Damián,LEMOS,74163.jpg
74164,Rodrigo,MALBERNAT,74164.jpg
74165,Santiago,ECHEVERRÍA,74165.jpg
74166,Sergio,SAGARZAZU,74166.jpg
74167,Luis,SILBA,74167.jpg
74168,Alejandro,MEDINA,74168.jpg
74169,Nicolás,MINICI,74169.jpg
74170,Leonel,BUTER,74170.jpg
74171,Elias,BORREGO,74171.jpg
74172,Nicolás,DEMATEI,74172.jpg
74173,Fernando,ZAMPEDRI,74173.jpg
74174,Arturo,MENDOZA,74174.jpg
74175,Juan,LEMOS,74175.jpg
74176,Lucas,DI GRAZIA,74176.jpg
74177,Matías,VEGA,74177.jpg
74243,Pablo,PODIO,74243.jpg
74264,Esteban,ESPÍNDOLA LÓPEZ,74264.jpg
74265,Agustín,FARÍAS,74265.jpg
74267,Mariano,BARBIERI,74267.jpg
74272,Matías,ORIHUELA,74272.jpg
74273,Pablo,VEGETTI,74273.jpg
74276,Daniel,GONZÁLEZ,74276.jpg
74279,Facundo,DAFFONCHIO,74279.jpg
74280,Maximiliano,HERRERA,74280.jpg
74285,Ezequiel,VIOLA,74285.jpg
74288,Brian,CUCCO,74288.jpg
74297,Diego,GALANTERNIK,74297.jpg
74298,Javier,CORREA,74298.jpg
74543,Nelson,ACEVEDO,74543.jpg
74544,Nahuel,QUIROGA,74544.jpg
74560,Mauricio,TÉVEZ,74560.jpg
74657,Brian,FERNÁNDEZ,74657.jpg
74665,Rodrigo,BARUCCO,74665.jpg
74726,Daniel,MONLLOR,74726.jpg
74762,Juan,CORDOBA,
74771,Luis,MONGE,
74801,Tiago,CASASOLA,74801.jpg
74876,Julián,MARCHIONI,74876.jpg
74930,Leandro,DE BORTOLI,74930.jpg
74931,Adrian,ARREGUI,74931.jpg
74932,Leonel,BARRIOS,74932.jpg
74933,Martín,FREJUK,74933.jpg
74934,Patricio,ROMERO,74934.jpg
74935,Bruno,CASANOVA,74935.jpg
74936,Cristian,QUIÑONES,74936.jpg
74937,Matías,MAGGIORINI,
74938,Cristian,DÍAZ,
74939,Dardo,ROMERO,74939.jpg
74940,Federico,ROSSO,74940.jpg
74941,Facundo,TORRES,
74942,Franco,CABRERA,
74943,Marcelo,LAMAS,74943.jpg
74944,Miguel,NIEVAS,74944.jpg
74945,José,DUJAUT,
74946,Cristian,MOLINA,74946.jpg
74947,Leonardo,RODA,74947.jpg
74948,Adrián,YAGUZIECZKO,74948.jpg
74957,Gonzalo,PIERMARTERI,74957.jpg
74996,Nico,FERNÁNDEZ,74996.jpg
75118,Germán,COCHIS,75118.jpg
75257,Christopher,CABRAL,75257.jpg
75258,Lucas,SUÁREZ,75258.jpg
75259,Francisco,ILARREGUI,75259.jpg
75260,Nicolás,LOPEZ,75260.jpg
75262,Lucas,PASSERINI,75262.jpg
75266,Yair,BONNIN,75266.jpg
75267,Ezequiel,BONIFACIO,75267.jpg
75268,Maximiliano,GORGERINO,75268.jpg
75269,Javier,MENDOZA,75269.jpg
75270,Diego,NICOLAIEVSKY,75270.jpg
75271,Juan,POCHOLO,75271.jpg
75272,Walter,BOU,75272.jpg
75285,Jorge,RODRÍGUEZ,75285.jpg
75287,Facundo,TÉVEZ,75287.jpg
75288,Juan Ezequiel,GARCÍA,75288.jpg
75289,Mauricio,ASENJO,75289.jpg
75290,Claudio,VILLAGRA,75290.jpg
75291,José,LINCOPÁN,75291.jpg
75292,Leandro,GARATE,75292.jpg
75293,Marcelo,BENÍTEZ,75293.jpg
75296,Leandro,FIORAVANTI,75296.jpg
75298,Diego,YACOB,75298.jpg
75299,Roberto,RAMÍREZ,75299.jpg
75300,Esteban,BURGOS,75300.jpg
75304,Santiago,GALLUCCI OTERO,75304.jpg
75311,Leandro,GODOY,75311.jpg
75312,Ezequiel,PÉREZ,75312.jpg
75315,Matías,ZALDÍVAR,75315.jpg
75319,Nicolás,OROZ,75319.jpg
75320,Facundo,CASTRO,75320.jpg
75322,Guillermo,HAUCHE,75322.jpg
75325,Ramiro,ARIAS,75325.jpg
75326,Gabriel,ESPARZA,75326.jpg
75327,Facundo,QUIGNON,75327.jpg
75345,Matías,PRESENTADO,75345.jpg
75346,Gabriel,SEIJAS,75346.jpg
75347,Leonardo,MARINUCCI,75347.jpg
75355,Francesco,CELESTE,75355.jpg
75356,Adrián,CUBAS,75356.jpg
75360,Marcos,FISSORE,75360.jpg
75361,Diego,MONTIEL,75361.jpg
75371,Lucas,ACEVEDO,75371.jpg
75372,Elías,GÓMEZ,75372.jpg
75373,Walter,MONTOYA,75373.jpg
75377,Fausto,GRILLO,75377.jpg
75378,Gonzalo,PIOVI,75378.jpg
75382,Sebastián,MARTELLI,75382.jpg
75383,Leandro,VERA,75383.jpg
75384,Rafael,BARRIOS,75384.jpg
75385,Néstor,BREITENBRUCH,75385.jpg
75386,Jorge,FIGAL,75386.jpg
75388,Sergio,OJEDA,75388.jpg
75390,Alexis,ZÁRATE,75390.jpg
75391,Franco,BELLOCQ,75391.jpg
75392,Leandro,FIGUEROA,75392.jpg
75393,Francisco,FYDRISZEWSKI,75393.jpg
75401,Marcos,PINTO,75401.jpg
75404,Lucas,BOYÉ,75404.jpg
75472,Matías,CASTRO,75472.jpg
75509,Ángel,PIZ,75509.jpg
75517,Hugo,CUATRÍN,
75540,Braian,URIBE,
75574,Emanuel,GIMÉNEZ,75574.jpg
75635,Juan Pablo,MIÑO,75635.jpg
75661,Marcelo,AGUIRRE,
75667,Leonardo,RAMOS,75667.jpg
75692,Agustin,GONZÁLEZ TAPIA,
75697,Lucas,LIMA,75697.jpg
75699,Juan Manuel,TÉVEZ,
75702,Germán,LANARO,75702.jpg
75703,Luis,BEVACQUA,75703.jpg
75707,Jorge,PIRIS,
75715,Martín,MOLINI,
75743,Nazareno,SOLÍS,75743.jpg
75836,Germán,SOSA,
75909,David,OLTOLINA,
75910,Javier,SANGUINETTI,75910.jpg
75913,Diego,LEGUIZA,
75939,Marcelo,BERGESE,
76233,Maxi,ROLÓN,76233.jpg
76684,Miguel,CONTRERAS,
76685,Nicolás,ROMAT,76685.jpg
76686,Franco,SBUTTONI,76686.jpg
76687,Guillermo,ACOSTA,76687.jpg
76688,Gastón,CUEVAS,
76689,Gaston,GIMÉNEZ,76689.jpg
76690,Gonzalo,ONTIVERO,
76691,David,VALDEZ,76691.jpg
76692,Leonardo,BARONI,76692.jpg
76693,Matias,MOISÉS,76693.jpg
76694,Marcelo,ORTIZ,76694.jpg
76695,Ignacio,VALSANGIÁCOMO,76695.jpg
76696,Antonio,DOMÍNGUEZ,76696.jpg
76697,Diego,LOPEZ,
76698,Matías,ESCUDERO,76698.jpg
76699,Lucas,BALDUNCIEL,76699.jpg
76700,Diego,CABALLERO,76700.jpg
76703,Lucas,COLITTO,76703.jpg
77119,Ezequiel,MICHELLI,77119.jpg
77120,Matías,SILVA,77120.jpg
77121,Pablo,JOFRÉ,77121.jpg
77122,Nicolás,PELAITAY,77122.jpg
77123,Rodrigo,ALANIZ,77123.jpg
77124,Franco,CABALLERO,
77125,Mauro,DALLA COSTA,77125.jpg
77204,Gabriel,ALANÍS,77204.jpg
77205,Maxi,ZÁRATE,77205.jpg
77206,Guido,RODRÍGUEZ,77206.jpg
77344,Federico,LANZILLOTA,77344.jpg
77345,Pablo,CORREA,
77346,Federico,FATTORI,77346.jpg
77347,Alejandro,MELO,77347.jpg
77348,Norberto,PALMIERI,77348.jpg
77349,Andrés,MEHRING,77349.jpg
77350,Germán,CONTI,77350.jpg
77351,Emanuel,CASADO,77351.jpg
77352,Franco,LEYS,77352.jpg
77353,Gerónimo,POBLETE,77353.jpg
77354,Gustavo,VILLARRUEL,77354.jpg
77405,Nicolás,VÉLEZ,77405.jpg
77421,Walter,ENCINAS,77421.jpg
77422,Jorge,SANABRIA,77422.jpg
77423,Sebastián,SÁNCHEZ,77423.jpg
77424,Nicolás,FERREIRA,77424.jpg
77425,Rodrigo,MORALES,
77426,Luis,SALCES,77426.jpg
77427,Martín,ABRAHAM,
77428,Federico,HABERKORN,77428.jpg
77429,Fabricio,HENRICOT,77429.jpg
77431,Iván,DÍAZ,
77432,Germán,HERRERA,77432.jpg
77433,Julio,MONTERO,77433.jpg
77434,Gonzalo,RÍOS,77434.jpg
77435,Nicolás,SILVA,77435.jpg
77436,Fernando,TANTONI,77436.jpg
77437,Juan,CHAPARRO,
77438,Carlos,MARCOLONGO,77438.jpg
77439,Damián,SENEGALLES,77439.jpg
77440,Cristian,STELE,77440.jpg
77443,Rodrigo,CABALLUCI,77443.jpg
77444,Diego,LEVATO,77444.jpg
77445,Nahuel,RODRÍGUEZ,77445.jpg
77446,Gabriel,COMPAGNUCCI,
77447,Víctor,GÓMEZ,77447.jpg
77448,Diego,RAYA,
77449,Franco,STELLA,
77450,Sebastián,GIOVINI,77450.jpg
77451,Patricio,MATRICARDI,77451.jpg
77452,Ezequiel,HAM,77452.jpg
77453,Luciano,CABRAL,77453.jpg
77454,Lautaro,RINALDI,77454.jpg
77455,Roque,VARGAS,77455.jpg
77456,Leonardo,FREDES,77456.jpg
77457,Juan,GARGIULO,77457.jpg
77458,Adrián,DOMÍNGUEZ,77458.jpg
77459,Brian,OLIVERA,77459.jpg
77460,Emiliano,CASTRO,77460.jpg
77461,Walter,FERRERO,
77462,Jonathan,GALLARDO,77462.jpg
77463,Ignacio,ANTONIO,77463.jpg
77519,Cristian,BERNARDI,77519.jpg
77520,Maximiliano,CORREA,77520.jpg
77521,Emiliano,ENDRIZZI,77521.jpg
77522,Mateo,GARCÍA,77522.jpg
77523,Guido,MAINERO,77523.jpg
77524,Gustavo,GOTTI,77524.jpg
77525,Pablo,SODA,77525.jpg
77537,Federico,COSENTINO,77537.jpg
77538,Elian,KOPP,77538.jpg
77539,Brian,LÓPEZ,77539.jpg
77540,Alan,VESTER,
77541,Darío,CARDOZO,77541.jpg
77542,Exequiel,NARESE,77542.jpg
77543,Osvaldo,YOUNG,77543.jpg
77544,Maxi,ZBRUN,77544.jpg
77545,Ezequiel,CEBALLOS,77545.jpg
77546,Mauro,GÓMEZ,77546.jpg
77547,Pablo,OSTROWSKI,77547.jpg
77548,Christian,LIMOUSIN,77548.jpg
77549,Nehemías,MACEDO FLORES,77549.jpg
77550,Leonardo,INCORVAIA,77550.jpg
77551,Rodrigo,MAZUR,77551.jpg
77552,Brian,ROMERO,77552.jpg
77554,Brian,AQUINO,77554.jpg
77555,Israel,COLL,77555.jpg
77556,Cristian,CURUCHET,77556.jpg
77557,Jonathan,GÓMEZ,
77558,Luciano,INSÚA,
77559,Guillermo,VERNETTI,77559.jpg
77560,Mario,ZANINOVIC,77560.jpg
77561,Juan,CASTRO,77561.jpg
77563,Facundo,VERA,
77564,Joaquín,PAPALEO,77564.jpg
77565,Mauricio,MARTÍNEZ,77565.jpg
77566,Agustin,SANDONA,77566.jpg
77567,Sebastián,CABALLERO,77567.jpg
77568,Juan,CAPURRO,77568.jpg
77569,Matías,FANTÍN,77569.jpg
77570,Felipe,LISSI,77570.jpg
77571,Mariano,MAURI,77571.jpg
77572,Juan,RIVAS,77572.jpg
77573,Lionel,ALTAMIRANO,77573.jpg
77574,Tomás,BOLZICCO,77574.jpg
77575,Franco,SOLDANO,77575.jpg
77576,Jonatan,TARQUINI,77576.jpg
77610,Alessio,INNOCENTI,77610.jpg
77622,Darío,SALINA,77622.jpg
77623,Fabián,SAMBUEZA,77623.jpg
77624,Luis,LÓPEZ,77624.jpg
77625,Ariel,ROJAS,77625.jpg
77626,Dante,BAREYRO,77626.jpg
77627,Lucas,CABALLERO,77627.jpg
77628,Gabriel,CHIRONI,77628.jpg
77630,Augusto,MAX,
77631,Robertino,CANAVESIO,77631.jpg
77632,Facundo,ALBAQUI,77632.jpg
77633,Marcelo,CASTELLANO,77633.jpg
77634,Luciano,MAZA,77634.jpg
77635,Renzo,SPINACCI,77635.jpg
77636,Ignacio,CACHEIRO,77636.jpg
77637,José,TAMBURELLI,77637.jpg
77638,Stefano,BRUNDO,77638.jpg
77639,Lucas,MADERA,
77640,Ezequiel,BARABÁS,77640.jpg
77641,Damián,MORALES,77641.jpg
77642,Nicolás,VARELA,
77643,Carlos,VELÁZQUEZ,
77644,Lucas,ESPÍNDOLA,
77645,Nicolás,MARTÍNEZ,77645.jpg
77646,Luciano,NEQUECAUR,77646.jpg
77647,Juan,VÁZQUEZ,77647.jpg
77650,Agustin,ROSSI,77650.jpg
77651,Lautaro,GEMINIANI,77651.jpg
77652,Marcos,MINETTI,77652.jpg
77653,Milton,AGUILAR,77653.jpg
77654,Alejandro,ALMADA,77654.jpg
77655,Lautaro,COMAS,77655.jpg
77656,Damián,PACCO,77656.jpg
77657,Tomás,SPINELLI,77657.jpg
77658,Damián,CEBREIRO,77658.jpg
77670,Emiliano,CAPELLA,77670.jpg
77671,Fabián,CORONEL,77671.jpg
77673,Diego,BUCCI,
77674,Juan,GÁSPARI,77674.jpg
77675,Román,STRADA,77675.jpg
77676,Martín,MICHEL,77676.jpg
77677,Cristian,TARRAGONA,77677.jpg
77678,Maximiliano,TIMPANARO,77678.jpg
77679,Pablo,VÍLCHEZ,77679.jpg
77680,Tomás,LEDESMA,77680.jpg
77681,Leandro,CABALLERO,77681.jpg
77682,Eduardo,MÉNDEZ,77682.jpg
77683,Lucas,PARISI,77683.jpg
77684,Martín,PUCHETA,77684.jpg
77685,Javier,SILVA,
77686,Mauro,CERUTTI,
77687,Federico,GUERRA,77687.jpg
77688,Rodrigo,GUTIÉRREZ,77688.jpg
77689,Alfio,LORENZO,77689.jpg
77690,Abel,PERALTA,77690.jpg
77691,Cristian,PODESTÁ,
77692,Diego,TONETTO,77692.jpg
77693,Matías,VILLARREAL,77693.jpg
77694,Cristian,GAUTIER,77694.jpg
77695,Juan,MOYANO,
77696,Maxi,OSURAK,77696.jpg
77697,Juan,LEGUIZAMÓN,
77698,Gabriel,COLOMBATTI,77698.jpg
77699,Gastón,GURUCEAGA,77699.jpg
77700,Ricardo,MEDINA,
77701,Emanuel,URQUIZA,77701.jpg
77702,Marcos,DANGUISE,
77703,Leo,SUÁREZ,77703.jpg
77737,Maximiliano,GÓMEZ,
77738,Maximiliano,ORTIZ,
77739,Lucas,SOSA,77739.jpg
77740,Guillermo,SOTELO,77740.jpg
77741,Leonardo,ZARAGOZA,77741.jpg
77742,Ezequiel,GALLEGOS,77742.jpg
77743,Lucas,VILLARRUEL,77743.jpg
77744,Cristian,ESPINOZA,77744.jpg
78044,Juan,KOMAR,78044.jpg
78048,Marcos,LEGAZ,78048.jpg
78161,Facundo,MELIVILLO,78161.jpg
78276,Fabricio,POCI,78276.jpg
78640,Tomás,FONSECA,
78890,Gustavo,UDRIZARD,78890.jpg
78906,Facundo,FABELLO,
78907,Matias,CASTRO,78907.jpg
78914,Joel,AMOROSO,78914.jpg
78916,Diego,FIGUEROA,78916.jpg
78938,Matias,VELOSO,
78940,Julio,LEDESMA,
78943,Guillermo,OJEDA,78943.jpg
78984,Óscar,ALEGRE,
79029,Lucas,CARRERA,
79078,Agustín,FAZIO,79078.jpg
79202,Franco,CRISTALDO,79202.jpg
79223,Marcelo,TINARI,79223.jpg
79238,Sergio,SOSA,79238.jpg
79240,Emiliano,BUENDÍA,79240.jpg
79241,Gastón,GRECCO,79241.jpg
79243,Milton,ALVAREZ,
79256,Rodrigo,NOYA,79256.jpg
79466,Joan,GAONA,
79467,Sastre,PIBE,79467.jpg
79491,Carlos,CHAMORRO,
79492,Gustavo,MBOMBAJ,79492.jpg
79493,Federico,GAY,
79512,Patricio,SPADA,
79520,Fede,VARELA,79520.jpg
79521,Jonathan,MORALES,
79532,Juan,OVIEDO,
79534,Joaquín,SUSVIELLES,79534.jpg
79546,Rafael,CABRERA,
79550,Alexis,CANELO,79550.jpg
79564,Flavio,CIAMPICHETTI,79564.jpg
79606,Augusto,BATALLA,79606.jpg
79770,Guido,VADALÁ,79770.jpg
79771,Matias,ROSSO,79771.jpg
79772,Marcelo,BARREÑA,79772.jpg
79776,Juan,LÓPEZ,79776.jpg
79792,Juan,BERDÚN,79792.jpg
79834,Abel,MÉNDEZ,
79836,Lucas,PIOVI,
79880,Franco,DEL GIGLIO,
79888,Federico,COSTA,79888.jpg
79922,Lucio,COMPAGNUCCI,79922.jpg
79928,Pablo,TORRESAGASTI,79928.jpg
79930,Mauro,BUSTAMANTE,
80025,Leonardo,FAGÚNDEZ,
80032,José,DEVECCHI,80032.jpg
80034,Gonzalo,YORDAN,80034.jpg
80035,Eric,JÉREZ,80035.jpg
80036,Emiliano,AMOR,80036.jpg
80037,Tiago,FLORES,80037.jpg
80038,Alan,ARARIO,80038.jpg
80039,Jeremías,LEDESMA,80039.jpg
80040,Víctor,SALAZAR,80040.jpg
80041,Franco,CERVI,80041.jpg
80042,Maximiliano,GONZÁLEZ,80042.jpg
80043,Hernán,DA CAMPO,80043.jpg
80044,Federico,ANSELMO,80044.jpg
80062,Joaquín,LASO,80062.jpg
80063,Emiliano,AGÜERO,80063.jpg
80064,Jonathan,RODRÍGUEZ,80064.jpg
80065,Manuel,DE IRIONDO,80065.jpg
80066,Gonzalo,DI RENZO,80066.jpg
80067,Sergio,GONZÁLEZ,80067.jpg
80073,Nicolás,FERNÁNDEZ,80073.jpg
80074,Fabio,ÁLVAREZ,80074.jpg
80075,Gabriel,ROBLEDO,80075.jpg
80076,Santiago,MAGALLÁN,80076.jpg
80077,Daniel,FRANCO,80077.jpg
80078,Facundo,PUMPIDO,80078.jpg
80079,Emmanuel,GARCÍA,80079.jpg
80080,Gabriel,MOYANO,80080.jpg
80081,Emanuel,MORALES,80081.jpg
80082,Leonel,DEMELCHORI,80082.jpg
80084,Juan,MENDONCA,80084.jpg
80085,Juan,CABRERA,80085.jpg
80087,Ignacio,BONADÍO,80087.jpg
80088,Nicolás,PANTALEONE,80088.jpg
80089,Juan,MUSSO,80089.jpg
80090,Mariano,PUCH,80090.jpg
80091,Nahuel,PANSARDI,80091.jpg
80092,Luca,OROZCO,80092.jpg
80093,Diego,SOSA,
80094,Pablo,CUEVAS,80094.jpg
80095,Braian,ROMERO,80095.jpg
80100,Agustín,PASCUCCI,80100.jpg
80101,Iván,VARGA,80101.jpg
80102,Ezequiel,RUÍZ,80102.jpg
80103,Bryan,SCHMIDT,80103.jpg
80104,Lucas,PUGH,80104.jpg
80105,Santiago,ROSALES,80105.jpg
80106,Franco,JOMINY,80106.jpg
80196,Iván,SILVA,80196.jpg
80199,Facundo,BUSTAMANTE,80199.jpg
80200,Enzo,TRINIDAD,80200.jpg
80738,Mauro,RUGGIERO,80738.jpg
80762,Gonzalo,CARNIEL,80762.jpg
80783,Gonzalo,ROCANIERE,80783.jpg
80928,Rodrigo,COLOMBO,80928.jpg
80971,Gabriel,FERREYRA,80971.jpg
81011,Franco,RACCA,81011.jpg
81082,Nicolás,RODRÍGUEZ,81082.jpg
81083,Leandro,VEGA,81083.jpg
81084,Ricardo,VERA,81084.jpg
81085,Alejandro,NORIEGA,81085.jpg
81086,Maximiliano,GAGLIARDO,81086.jpg
81087,Matías,NIZZO,81087.jpg
81088,Jeremías,UGO,81088.jpg
81089,Elías,ZAPATA,81089.jpg
81409,Nicolás,TRIPICHIO,81409.jpg
81652,Cristian,TISSONE,81652.jpg
81691,Agustín,CLAROTTI,81691.jpg
81738,Àngel,GONZÁLEZ,81738.jpg
81750,Franco,COSTA,81750.jpg
81751,Gabriel,FLORES,81751.jpg
81752,Marcos,CURADO,81752.jpg
81753,Leonardo,GODOY,81753.jpg
81754,Emanuel,CECCHINI,81754.jpg
81755,Eric,REMEDI,81755.jpg
81756,Rodrigo,LECHNER,81756.jpg
81757,Kevin,CASSORATTI,
81758,Ezequiel,MIRANDA,81758.jpg
81759,Elías,UMERE,81759.jpg
81996,Ezequiel,BONACORZO,81996.jpg
81997,Luis,DE FARIA,81997.jpg
81998,Daniel,MANCINI,81998.jpg
81999,Ezequiel,UNSAIN,81999.jpg
82000,Franco,ESCOBAR,82000.jpg
82001,Denis,RODRÍGUEZ,82001.jpg
82002,Joaquin,TORRES,82002.jpg
82003,Nicolas,GIMÉNEZ,82003.jpg
82004,Nicolas,RIZZO,82004.jpg
82005,Franco,LÓPEZ,82005.jpg
82006,Giovani,LO CELSO,82006.jpg
82007,Emmanuel,MARTÍNEZ,82007.jpg
82008,Federico,CASTRO,82008.jpg
82009,Maximiliano,FORNARI,
82010,Alexis,CASTRO,
82017,Pablo,CARRERAS,82017.jpg
82104,Hernán,ALTOLAGUIRRE,82104.jpg
82118,Nicolás,ALVÁREZ,82118.jpg
82119,Juan,CELAYA,82119.jpg
82120,Jorge,DEMAIO,82120.jpg
82121,Carlos,FERNÁNDEZ,82121.jpg
82122,Juan,FERREIRA,82122.jpg
82123,Nicolás,GONZÁLEZ,82123.jpg
82124,Horacio,FALCÓN,82124.jpg
82125,Ramiro,FERNÁNDEZ,
82126,Jonathan,FIGUEIRA,82126.jpg
82127,Diego,GRECCO,82127.jpg
82128,Diego,NÚÑEZ,82128.jpg
82129,Renso,PÉREZ,82129.jpg
82130,Mariano,RIDAO,
82131,Gabriel,SANABRIA,82131.jpg
82132,Nicolás,STEFANELLI,82132.jpg
82133,Dante,ZUÑIGA,82133.jpg
82134,Ezequiel,CÉRICA,82134.jpg
82135,Matias,NOUET,82135.jpg
82144,Alejandro,FIORINA,
82151,Santiago,INGINO,
82154,Lucas,RUIZ DÍAZ,
82342,Mauricio,AQUINO,82342.jpg
82343,Salvador,SÁNCHEZ,82343.jpg
82344,Fernando,LUNA,82344.jpg
82345,Germán,NIZ,82345.jpg
82346,Gonzalo,GIMÉNEZ,82346.jpg
82347,Gonzalo,GONZÁLEZ,82347.jpg
82349,Juan,MONTEAGUDO,82349.jpg
82351,Guido,ROSSETTI,82351.jpg
82353,Nicolás,CANAVESIO,82353.jpg
82354,Alexander,BARBOZA,82354.jpg
82355,Mateo,CASTELLANO,82355.jpg
82356,Gabriel,MORALES,82356.jpg
82401,Lucas,CAMPANA,82401.jpg
82402,Ignacio,LOVERA,
82403,Osvaldo,ARROYO,
82404,Daniel,PÉREZ,
82405,Federico,BOASSO,
82406,Oscar,BELINETZ,
82407,Exequiel,GÓMEZ,
82408,Emanuel,BILBAO,82408.jpg
82409,Ignacio,TORRES,
82410,Manuel,VICENTINI,82410.jpg
82411,Franco,AGÜERO,
82412,Gustavo,CANTO,82412.jpg
82413,Juan,DOBBOLETTA,82413.jpg
82414,Diego,VENTURI,
82416,Alan,ALDALLA,82416.jpg
82418,Emiliano,TROVENTO,82418.jpg
82420,Lautaro,MESA,82420.jpg
82421,Ramiro,RÍOS,82421.jpg
82424,Fabricio,ALVARENGA,82424.jpg
82425,Rodrigo,BELLA,82425.jpg
82426,Germán,FERREYRA,82426.jpg
82427,Agustín,DOFFO,82427.jpg
82428,Matías,VARGAS,82428.jpg
82429,Emiliano,BOGADO,82429.jpg
82430,Maximiliano,ROMERO,82430.jpg
82431,Nicolás,DELGADILLO,82431.jpg
82440,Milton,MÜLLER,
82442,Franco,SOSA,82442.jpg
82443,Gabriel,BÁEZ,82443.jpg
82444,Jalil,ELÍAS,
82445,Marcos,LEDESMA,82445.jpg
82446,Nicolás,PATERNO,82446.jpg
82448,Jonathan,TORRES,82448.jpg
82449,Federico,URRABURO,
82450,Jonathan,FLEITA,82450.jpg
82451,Mauro,PITTÓN,82451.jpg
82456,Aín,ACOSTA,82456.jpg
82457,Nicolás,AVELLANEDA,82457.jpg
82458,Maximiliano,CÁCERES,82458.jpg
82459,Walter,GALLARDO,82459.jpg
82460,Matías,GONZÁLEZ,82460.jpg
82461,Luciano,VARGAS,82461.jpg
82462,Rodrigo,AYALA,82462.jpg
82463,Stefano,DOMIZZI,82463.jpg
82464,Emiliano,OZUNA,82464.jpg
82465,Lucas,RODRÍGUEZ,82465.jpg
82466,Carlos,LATTANZIO,82466.jpg
82467,Fernando,LUGO,
82468,Santiago,IZAGUIRRE,82468.jpg
82469,Alberto,STEGMAN,
82471,Facundo,ALTAMIRANO,82471.jpg
82472,Iván,ROSSI,82472.jpg
82473,Alexis,MARTÍN,82473.jpg
82474,Facundo,URQUIZA,
82475,Leandro,CONTÍN,82475.jpg
82476,Julián,VITALE,82476.jpg
82481,Federico,BONANSEA,82481.jpg
82482,Santiago,GIORDANA,82482.jpg
82483,Iván,PAZ,82483.jpg
82484,Nicolás,FRANCESE,82484.jpg
82485,Lucas,MARTÍNEZ QUARTA,82485.jpg
82486,Fernando,ALARCÓN,82486.jpg
82487,Lucas,BAREIRO,82487.jpg
82488,Mauro,LEIVA,82488.jpg
82489,Brian,MANSILLA,82489.jpg
82490,Pablo,CUADRA,82490.jpg
82491,Lautaro,MARTÍNEZ,82491.jpg
82492,Leandro,ZACARÍAS,82492.jpg
82493,Bruno,GALVÁN,82493.jpg
82494,Tomás,CARDONA,82494.jpg
82495,Ezequiel,MONTAGNA,82495.jpg
82717,Nicolás,SCHIAVI,82717.jpg
82789,Santiago,CHACÓN,
82972,Fede,ÁNTICO,82972.jpg
83689,Pablo,MATTALÍA,83689.jpg
83920,Hernán,TOLEDO,83920.jpg
83939,Braian,CUFRÉ,83939.jpg
84002,Favio,DURÁN,84002.jpg
84094,Júnior,MENDIETA,
84124,Tomás,FIGUEROA,84124.jpg
84134,Lucas,CHÁVES,84134.jpg
84139,Ramiro,MACAGNO,
84189,Alan,KARDASINSKI,
84233,Martín,PERELMAN,84233.jpg
84234,Neri,BANDIERA,84234.jpg
84323,Oscar,SAINZ,
84482,Javier,BURRAI,84482.jpg
84575,Valentin,VADA,84575.jpg
84832,Franco,COCA,
84834,Matías,GUARDIA,
84835,Martin,BORDONARO,84835.jpg
84836,Matias,ARRUA,
84837,Matías,FIGUEROA,
84864,Sergio,BUBAS,
84870,Matías,ROJAS,
84926,Ricardo,RODRÍGUEZ,84926.jpg
84939,Wilson,ALBARRACIN,
84942,Mariano,BARALE,84942.jpg
84943,Héctor,BUZZI,
84946,Ariel,OTERMIN,
84948,Matias,SEN,84948.jpg
84949,Patricio,RODRÍGUEZ,84949.jpg
84974,Cristian,FORNILLO,84974.jpg
84979,Facundo,FERRERO,
84980,Ricardo,STECHINA,84980.jpg
84989,Federico,MARKUNAS,84989.jpg
85117,Mariano,MONLLOR,
85294,Alexis,MESSIDORO,85294.jpg
85323,Alexis,SOTO,85323.jpg
85382,Alejandro,RÉBOLA,
85394,Nicolás,CIRIBE,
85395,Leandro,MOREL,
85396,Ramiro,GARAY,
85397,Franco,SOSA,
85398,Iván,COLMÁN,85398.jpg
85399,Guillermo,BENITEZ,85399.jpg
85400,Leonel,MOSEVICH,85400.jpg
85401,Nahuel,RODRÍGUEZ,85401.jpg
85402,Matías,GARCÍA,85402.jpg
85403,Esteban,ROLÓN,85403.jpg
85404,Damián,BATALLINI,85404.jpg
85405,Facundo,BARBOZA,85405.jpg
85407,Alejandro,RIVERO,85407.jpg
85409,Santiago,PAZ,85409.jpg
85411,Facundo,CERVANTES,85411.jpg
85412,Franco,PIZZICANELLA,85412.jpg
85413,Gastón,ITURRIETA,85413.jpg
85414,Nahuel,SOSA,85414.jpg
85415,Rodrigo,ALIENDRO,85415.jpg
85416,Jorge,SOLDATI,85416.jpg
85417,José,MÉNDEZ,85417.jpg
85418,Facundo,CAMBESES,85418.jpg
85419,Maximiliano,SBRISSA,85419.jpg
85420,Luciano,PIERGIACOMI,85420.jpg
85421,Miguel,ESCOBAR,
85422,Thomas,RODRÍGUEZ,
85423,Agustín,FONTANA,85423.jpg
85424,Luciano,GÓMEZ,85424.jpg
85426,Ramiro,MARTÍNEZ,85426.jpg
85427,Iván,LESZCZUK,85427.jpg
85428,Ezequiel,CORONEL,85428.jpg
85430,Federico,RUIZ,
85431,Franco,MAZUREK,85431.jpg
85432,Lucas,CHIAPPERO,
85433,Hugo,SILVA,
85434,Federico,BARRIOS,
85435,Agustín,BOUZAT,85435.jpg
85436,Tomás,POCHETTINO,85436.jpg
85437,Matías,SOSA,
85443,Daniel,SAPPA,85443.jpg
85444,Lucas,DIARTE,85444.jpg
85446,Cristian,BELUCCI,85446.jpg
85447,Santiago,ASCACIBAR,85447.jpg
85448,Juan,CASCINI,85448.jpg
85449,Nicolas,TALPONE,85449.jpg
85450,Facundo,QUINTANA,85450.jpg
85451,Lucas,LEIVA,85451.jpg
85452,Manuel,GUANINI,85452.jpg
85453,Juan,SILVA,85453.jpg
85454,José,D&#39;ANGELO,85454.jpg
85455,Matías,NOBLE,
85456,Luciano,PERDOMO,85456.jpg
85457,Brian,ANDRADA,85457.jpg
85458,Eric,RAMÍREZ,85458.jpg
85462,Horacio,TIJANOVICH,85462.jpg
85464,Facundo,COBOS,85464.jpg
85465,Ezequiel,BONACORSO,85465.jpg
85466,Fabián,HENRÍQUEZ,85466.jpg
85467,Tomás,MOLINA,85467.jpg
85468,Lucas,CHACANA,85468.jpg
85469,Rodrigo,MOREYRA,85469.jpg
85470,Saúl,NELLE,85470.jpg
85471,Domingo,BLANCO,85471.jpg
85509,Milton,VALENZUELA,85509.jpg
85510,Emiliano,FRANCO,
85511,Braian,RIVERO,
85512,Franco,PÉREZ,
85514,Rodrigo,SARACHO,85514.jpg
85515,Nicolás,IHITZ,
85516,Enrique,BLANCO,
85517,Leandro,MARTORANO,85517.jpg
85518,Brian,CALABRESE,
85519,Axel,RODRÍGUEZ,
85520,Emanuel,ALARCÓN,
85521,Alexander,HOLLMANN,
85522,Matías,GARRIDO,
85523,Lucas,SANABRIA,
85524,Marcos,QUIROGA,
85525,Damián,ARCE,85525.jpg
85526,Daniel,IMPERIALE,
85527,Franco,COLELA,
85532,Miguel,BARBIERI,85532.jpg
85533,Jorge,MARINA,
85535,Félix,BANEGA,85535.jpg
85536,Ijiel,PROTTI,85536.jpg
85538,Federico,BRUNO,85538.jpg
85539,Rodrigo,HOLGADO,
85541,Marcos,SENESI,85541.jpg
85542,Valentín,PERALES,85542.jpg
85543,Rodrigo,DE CIANCIO,
85544,Daniel,IBÁÑEZ,
85545,Bautista,MERLINI,
85546,Nicolás,RENIERO,
85547,Tomás,CONECHNY,85547.jpg
85548,Lautaro,MONTOYA,85548.jpg
85549,Rodrigo,TAPIA,
85550,Brian,MIERES,85550.jpg
85552,Juan,GALEANO,
85553,Juan Manuel,GARCÍA,
85554,Joaquín,MOLINA,
85555,Maximiliano,MÉNDEZ,
85556,Joel,RODRÍGUEZ,
85557,Gabriel,MANÉS,
85558,Marcos,SALVAGGIO,
85559,Matías,BLENGIO,85559.jpg
85560,Iván,DUBOIS,
85561,Sebastián,BALMACEDA,
85562,Fernando,REDONDO,
85563,Bruno,PITTÓN,85563.jpg
85564,Brian,BLASI,85564.jpg
85565,Santiago,LEBUS,85565.jpg
85566,Nicolás,ANDEREGGEN,85566.jpg
85589,Mariano,VÁZQUEZ,
85633,Luciano,BONOMO,
85672,Nahuel,MOLINA,85672.jpg
85697,Héctor,ARRIGO,
85779,Iván,CENTURIÓN,
85792,Germán,RIVERO,85792.jpg
85818,Santiago,FEUILLASSIER,85818.jpg
85883,Lucas,VERA,
85898,Santiago,COLOMBATTO,85898.jpg
86567,Ignacio,VARELA,86567.jpg
86624,Tomas,VILLOLDO,86624.jpg
86803,Gastón,DEL CASTILLO,86803.jpg
86870,Agustín,JARA,86870.jpg
86903,Cristian,ROMERO,86903.jpg
87019,Exequiel,PALACIOS,87019.jpg
87036,Lucas,PAULINI,
87210,Guido,HERRERA,87210.jpg
87211,Nicolás,MAROTTA,87211.jpg
87212,Ivo,CHAVES,
87213,Emanuel,REYNOSO,87213.jpg
87214,Aldo,ARAÚJO,87214.jpg
87215,Fernando,JUÁREZ,87215.jpg
87216,Victorio,RAMIS,87216.jpg
87217,Catriel,SÁNCHEZ,87217.jpg
87220,Kevin,MAC ALLISTER,
87221,Francis,MAC ALLISTER,
87222,Sebastián,RIQUELME,87222.jpg
87244,Tomás,BARONI,
87245,Lucas,BLONDEL,
87246,Enzo,COPETTI,
87247,Gabriel,GUDIÑO,
87248,Lucas,QUIROZ,
87249,Mauro,ALBERTENGO,
87250,Ramón,BARRAZA,
87257,Sebastián,ANCHOVERRI,
87258,Nicolás,HERRANZ,
87259,Leandro,LACUNZA,
87260,Nicolás,MINUTELLA,
87261,Nahuel,LÓPEZ,
87262,Franco,TROYANSKY,
87263,Enzo,ACOSTA,
87264,Franco,CÁSERES,
87265,José Luis,VALDEZ,
87266,Alexis,MALDONADO,
87267,Claudio,BRAVO,
87269,Juan José,MOLINA,
87270,Adrián,SPORLE,
87271,Rodrigo,GARCÍA,87271.jpg
87272,Cristian,PAZ,87272.jpg
87273,Gonzalo,ESCOBAR,
87274,Rodrigo,CÓRDOBA,
87275,Nahuel,PERALTA,
87276,Gastón,RODAS,
87278,Julián,CHICCO,87278.jpg
87281,Héctor,FERTOLI,
87283,Luciano,RODRÍGUEZ,
87284,Germán,GAITÁN,
87285,Emiliano,BORJAS,
87286,Nahuel,PÁJARO,
87287,Lucas,DI YORIO,
87288,Ignacio,CHICCO,
87289,Lucas,COMACHI,
87290,Tomás,SANDOVAL,
87291,Nicolás,LEGUIZAMON,
87292,Fermín,ANTONINI,
87293,Miqueas,LAPALMA,
87294,Maximiliano,VELAZCO,
87295,Kevin,SIBILLE,87295.jpg
87296,Gonzalo,MONTIEL,87296.jpg
87297,Luis,OLIVERA,87297.jpg
87298,Zacarías,MORÁN CORREA,
87299,Tomás,ANDRADE,87299.jpg
87300,Nicolás,FRANCO,87300.jpg
87301,Claudio,SALTO,87301.jpg
87302,Pedro,SILVA,87302.jpg
87303,Gonzalo,MARONI,87303.jpg
87305,Christian,MORENO,
87306,Mauro,GONZÁLEZ,87306.jpg
87307,Nicolás,BENEGAS,87307.jpg
87308,Matías,ROSKOPF,
87312,Santiago,VILLARREAL,
87313,Ramón,MIEREZ,
87314,Mauro,MARCONATO,
87316,Nicolás,GIMÉNEZ,
87317,Joaquín,PEREYRA,
87318,Pedro,OJEDA,
87319,Rodrigo,MIGONE,
87320,Maximiliano,LOVERA,
87321,Ezequiel,RODRÍGUEZ,
87322,Marcos,PEANO,87322.jpg
87323,Lucas,ALGOZINO,
87349,Carlos,VALENZUELA,87349.jpg
87352,Juan,LUCERO,
87353,Iván,CHACÓN,
87354,Santiago,STELCALDO,
87355,Nicolás,SERVETTO,87355.jpg
87357,Leonel,MÜLLER,
87358,Matías,JUÁREZ,
87361,Federico,MAYA,
87362,Nicolás,CZORNOMAZ,
87363,Guido,DAL CASÓN,
87372,Pablo,TORRES,
87373,Kevin,CECERI,
87376,Facundo,ANDÚJAR,
87377,Nahuel,LOSADA,
87378,Nahuel,LUNA,
87380,Germán,BERTERAME,87380.jpg
87384,Juan,NOCE,87384.jpg
87385,Nicolás,CARO,
87386,Nahuel,TECILLA,
87387,Joaquín,IBAÑEZ,87387.jpg
87388,Leandro,MACIEL,
87477,Mateo,ACOSTA,
87544,Mathias,BOGADO,
